year,block,plot,quad,species,rel.cov
2021,1,CT,1,Eri vag,0.302419355
2021,1,CT,2,Eri vag,0.147368421
2021,1,CT,3,Eri vag,0.12987013
2021,1,CT,4,Eri vag,0.104931794
2021,1,CT,5,Eri vag,0.082159624
2021,1,CT,6,Eri vag,0.152905199
2021,1,CT,7,Eri vag,0.09184845
2021,1,CT,8,Eri vag,0.112866817
2021,1,CT,1,Ev litter,0.161290323
2021,1,CT,2,Ev litter,0.063157895
2021,1,CT,3,Ev litter,0.075757576
2021,1,CT,4,Ev litter,0.052465897
2021,1,CT,5,Ev litter,0.058685446
2021,1,CT,6,Ev litter,0.091743119
2021,1,CT,7,Ev litter,0.057405281
2021,1,CT,8,Ev litter,0.056433409
2021,1,CT,1,Car big,0.001008065
2021,1,CT,2,Car big,0.063157895
2021,1,CT,3,Car big,0.032467532
2021,1,CT,4,Car big,0.041972718
2021,1,CT,5,Car big,0.058685446
2021,1,CT,6,Car big,0.06116208
2021,1,CT,7,Car big,0.057405281
2021,1,CT,8,Car big,0.045146727
2021,1,CT,1,Grass ex.,0.010080645
2021,1,CT,2,Grass ex.,0.010526316
2021,1,CT,3,Grass ex.,0
2021,1,CT,4,Grass ex.,0
2021,1,CT,5,Grass ex.,0
2021,1,CT,6,Grass ex.,0
2021,1,CT,7,Grass ex.,0
2021,1,CT,8,Grass ex.,0.001128668
2021,1,CT,1,Bet nan,0.080645161
2021,1,CT,2,Bet nan,0.178947368
2021,1,CT,3,Bet nan,0.183982684
2021,1,CT,4,Bet nan,0.314795383
2021,1,CT,5,Bet nan,0.258215962
2021,1,CT,6,Bet nan,0.076452599
2021,1,CT,7,Bet nan,0.103329506
2021,1,CT,8,Bet nan,0.169300226
2021,1,CT,1,Dead Bet,0
2021,1,CT,2,Dead Bet,0.010526316
2021,1,CT,3,Dead Bet,0
2021,1,CT,4,Dead Bet,0.020986359
2021,1,CT,5,Dead Bet,0.011737089
2021,1,CT,6,Dead Bet,0.01529052
2021,1,CT,7,Dead Bet,0.011481056
2021,1,CT,8,Dead Bet,0.011286682
2021,1,CT,1,Sal pul,0.001008065
2021,1,CT,2,Sal pul,0.021052632
2021,1,CT,3,Sal pul,0.054112554
2021,1,CT,4,Sal pul,0
2021,1,CT,5,Sal pul,0
2021,1,CT,6,Sal pul,0
2021,1,CT,7,Sal pul,0
2021,1,CT,8,Sal pul,0
2021,1,CT,1,Sal ret,0
2021,1,CT,2,Sal ret,0
2021,1,CT,3,Sal ret,0
2021,1,CT,4,Sal ret,0
2021,1,CT,5,Sal ret,0
2021,1,CT,6,Sal ret,0
2021,1,CT,7,Sal ret,0
2021,1,CT,8,Sal ret,0
2021,1,CT,1,Arc alp,0.010080645
2021,1,CT,2,Arc alp,0.010526316
2021,1,CT,3,Arc alp,0
2021,1,CT,4,Arc alp,0
2021,1,CT,5,Arc alp,0
2021,1,CT,6,Arc alp,0
2021,1,CT,7,Arc alp,0
2021,1,CT,8,Arc alp,0
2021,1,CT,1,Vac uli,0.030241935
2021,1,CT,2,Vac uli,0
2021,1,CT,3,Vac uli,0.001082251
2021,1,CT,4,Vac uli,0.010493179
2021,1,CT,5,Vac uli,0.023474178
2021,1,CT,6,Vac uli,0.03058104
2021,1,CT,7,Vac uli,0.022962113
2021,1,CT,8,Vac uli,0.001128668
2021,1,CT,1,Rub cha,0.010080645
2021,1,CT,2,Rub cha,0.052631579
2021,1,CT,3,Rub cha,0.086580087
2021,1,CT,4,Rub cha,0.052465897
2021,1,CT,5,Rub cha,0.070422535
2021,1,CT,6,Rub cha,0.091743119
2021,1,CT,7,Rub cha,0.114810563
2021,1,CT,8,Rub cha,0.191873589
2021,1,CT,1,Pet fri,0
2021,1,CT,2,Pet fri,0
2021,1,CT,3,Pet fri,0
2021,1,CT,4,Pet fri,0
2021,1,CT,5,Pet fri,0
2021,1,CT,6,Pet fri,0
2021,1,CT,7,Pet fri,0
2021,1,CT,8,Pet fri,0
2021,1,CT,1,Pol bis,0
2021,1,CT,2,Pol bis,0
2021,1,CT,3,Pol bis,0.001082251
2021,1,CT,4,Pol bis,0.001049318
2021,1,CT,5,Pol bis,0.001173709
2021,1,CT,6,Pol bis,0.001529052
2021,1,CT,7,Pol bis,0.022962113
2021,1,CT,8,Pol bis,0.001128668
2021,1,CT,1,Led pal,0.181451613
2021,1,CT,2,Led pal,0.189473684
2021,1,CT,3,Led pal,0.108225108
2021,1,CT,4,Led pal,0.157397692
2021,1,CT,5,Led pal,0.023474178
2021,1,CT,6,Led pal,0.076452599
2021,1,CT,7,Led pal,0.206659013
2021,1,CT,8,Led pal,0.056433409
2021,1,CT,1,Cas tet,0
2021,1,CT,2,Cas tet,0.021052632
2021,1,CT,3,Cas tet,0.001082251
2021,1,CT,4,Cas tet,0
2021,1,CT,5,Cas tet,0
2021,1,CT,6,Cas tet,0
2021,1,CT,7,Cas tet,0
2021,1,CT,8,Cas tet,0
2021,1,CT,1,Vac vit,0.080645161
2021,1,CT,2,Vac vit,0.073684211
2021,1,CT,3,Vac vit,0.043290043
2021,1,CT,4,Vac vit,0.073452256
2021,1,CT,5,Vac vit,0.164319249
2021,1,CT,6,Vac vit,0.244648318
2021,1,CT,7,Vac vit,0.114810563
2021,1,CT,8,Vac vit,0.203160271
2021,1,CT,1,Emp nig,0.02016129
2021,1,CT,2,Emp nig,0.031578947
2021,1,CT,3,Emp nig,0.086580087
2021,1,CT,4,Emp nig,0.031479538
2021,1,CT,5,Emp nig,0.011737089
2021,1,CT,6,Emp nig,0.001529052
2021,1,CT,7,Emp nig,0.011481056
2021,1,CT,8,Emp nig,0.090293454
2021,1,CT,1,Ped lap,0
2021,1,CT,2,Ped lap,0
2021,1,CT,3,Ped lap,0.001082251
2021,1,CT,4,Ped lap,0.001049318
2021,1,CT,5,Ped lap,0.001173709
2021,1,CT,6,Ped lap,0.001529052
2021,1,CT,7,Ped lap,0.022962113
2021,1,CT,8,Ped lap,0.001128668
2021,1,CT,1,And pol,0
2021,1,CT,2,And pol,0
2021,1,CT,3,And pol,0
2021,1,CT,4,And pol,0
2021,1,CT,5,And pol,0
2021,1,CT,6,And pol,0
2021,1,CT,7,And pol,0
2021,1,CT,8,And pol,0
2021,1,CT,1,Dead Evrg,0.02016129
2021,1,CT,2,Dead Evrg,0.021052632
2021,1,CT,3,Dead Evrg,0.010822511
2021,1,CT,4,Dead Evrg,0.010493179
2021,1,CT,5,Dead Evrg,0.023474178
2021,1,CT,6,Dead Evrg,0.01529052
2021,1,CT,7,Dead Evrg,0.011481056
2021,1,CT,8,Dead Evrg,0.001128668
2021,1,CT,1,Moss,0.050403226
2021,1,CT,2,Moss,0.063157895
2021,1,CT,3,Moss,0.162337662
2021,1,CT,4,Moss,0.115424974
2021,1,CT,5,Moss,0.14084507
2021,1,CT,6,Moss,0.091743119
2021,1,CT,7,Moss,0.126291619
2021,1,CT,8,Moss,0.033860045
2021,1,CT,1,Lichen ,0.010080645
2021,1,CT,2,Lichen ,0.010526316
2021,1,CT,3,Lichen,0.010822511
2021,1,CT,4,Lichen,0.001049318
2021,1,CT,5,Lichen,0.011737089
2021,1,CT,6,Lichen,0.001529052
2021,1,CT,7,Lichen,0.001148106
2021,1,CT,8,Lichen,0.001128668
2021,1,CT,1,Litter,0.02016129
2021,1,CT,2,Litter,0.031578947
2021,1,CT,3,Litter,0.010822511
2021,1,CT,4,Litter,0.010493179
2021,1,CT,5,Litter,0.058685446
2021,1,CT,6,Litter,0.04587156
2021,1,CT,7,Litter,0.022962113
2021,1,CT,8,Litter,0.022573363
2021,1,CT,1,Fr boil,0
2021,1,CT,2,Fr boil,0
2021,1,CT,3,Fr boil,0
2021,1,CT,4,Fr boil,0
2021,1,CT,5,Fr boil,0
2021,1,CT,6,Fr boil,0
2021,1,CT,7,Fr boil,0
2021,1,CT,8,Fr boil,0
2021,1,CT,1,bare ,0.010080645
2021,1,CT,2,bare ,0
2021,1,CT,3,bare ,0
2021,1,CT,4,bare ,0
2021,1,CT,5,bare ,0
2021,1,CT,6,bare ,0
2021,1,CT,7,bare ,0
2021,1,CT,8,bare ,0
2021,1,F2,1,Eri vag,0.060422961
2021,1,F2,2,Eri vag,0.029239766
2021,1,F2,3,Eri vag,0.13546798
2021,1,F2,4,Eri vag,0.109489051
2021,1,F2,5,Eri vag,0.108108108
2021,1,F2,6,Eri vag,0.064766839
2021,1,F2,7,Eri vag,0.11826544
2021,1,F2,8,Eri vag,0.06514658
2021,1,F2,1,Ev litter,0.045317221
2021,1,F2,2,Ev litter,0.014619883
2021,1,F2,3,Ev litter,0.13546798
2021,1,F2,4,Ev litter,0.133819951
2021,1,F2,5,Ev litter,0.054054054
2021,1,F2,6,Ev litter,0.077720207
2021,1,F2,7,Ev litter,0.039421813
2021,1,F2,8,Ev litter,0.076004343
2021,1,F2,1,Car big,0.105740181
2021,1,F2,2,Car big,0.073099415
2021,1,F2,3,Car big,0.073891626
2021,1,F2,4,Car big,0.060827251
2021,1,F2,5,Car big,0.054054054
2021,1,F2,6,Car big,0.025906736
2021,1,F2,7,Car big,0.026281209
2021,1,F2,8,Car big,0.13029316
2021,1,F2,1,Grass ex.,0.090634441
2021,1,F2,2,Grass ex.,0.043859649
2021,1,F2,3,Grass ex.,0.036945813
2021,1,F2,4,Grass ex.,0.01216545
2021,1,F2,5,Grass ex.,0.013513514
2021,1,F2,6,Grass ex.,0.012953368
2021,1,F2,7,Grass ex.,0.013140604
2021,1,F2,8,Grass ex.,0.021715527
2021,1,F2,1,Bet nan,0.075528701
2021,1,F2,2,Bet nan,0.277777778
2021,1,F2,3,Bet nan,0.073891626
2021,1,F2,4,Bet nan,0.231143552
2021,1,F2,5,Bet nan,0.040540541
2021,1,F2,6,Bet nan,0.18134715
2021,1,F2,7,Bet nan,0.105124836
2021,1,F2,8,Bet nan,0.054288817
2021,1,F2,1,Dead Bet,0.001510574
2021,1,F2,2,Dead Bet,0.001461988
2021,1,F2,3,Dead Bet,0.001231527
2021,1,F2,4,Dead Bet,0
2021,1,F2,5,Dead Bet,0
2021,1,F2,6,Dead Bet,0.001295337
2021,1,F2,7,Dead Bet,0.013140604
2021,1,F2,8,Dead Bet,0
2021,1,F2,1,Sal pul,0
2021,1,F2,2,Sal pul,0
2021,1,F2,3,Sal pul,0
2021,1,F2,4,Sal pul,0
2021,1,F2,5,Sal pul,0
2021,1,F2,6,Sal pul,0
2021,1,F2,7,Sal pul,0
2021,1,F2,8,Sal pul,0
2021,1,F2,1,Sal ret,0.001510574
2021,1,F2,2,Sal ret,0.001461988
2021,1,F2,3,Sal ret,0
2021,1,F2,4,Sal ret,0
2021,1,F2,5,Sal ret,0
2021,1,F2,6,Sal ret,0
2021,1,F2,7,Sal ret,0
2021,1,F2,8,Sal ret,0
2021,1,F2,1,Arc alp,0
2021,1,F2,2,Arc alp,0
2021,1,F2,3,Arc alp,0
2021,1,F2,4,Arc alp,0.001216545
2021,1,F2,5,Arc alp,0.054054054
2021,1,F2,6,Arc alp,0.038860104
2021,1,F2,7,Arc alp,0.026281209
2021,1,F2,8,Arc alp,0.010857763
2021,1,F2,1,Vac uli,0.03021148
2021,1,F2,2,Vac uli,0
2021,1,F2,3,Vac uli,0
2021,1,F2,4,Vac uli,0
2021,1,F2,5,Vac uli,0
2021,1,F2,6,Vac uli,0
2021,1,F2,7,Vac uli,0
2021,1,F2,8,Vac uli,0.001085776
2021,1,F2,1,Rub cha,0.075528701
2021,1,F2,2,Rub cha,0.131578947
2021,1,F2,3,Rub cha,0.036945813
2021,1,F2,4,Rub cha,0.158150852
2021,1,F2,5,Rub cha,0.135135135
2021,1,F2,6,Rub cha,0.090673575
2021,1,F2,7,Rub cha,0.144546649
2021,1,F2,8,Rub cha,0.086862106
2021,1,F2,1,Pet fri,0
2021,1,F2,2,Pet fri,0
2021,1,F2,3,Pet fri,0
2021,1,F2,4,Pet fri,0
2021,1,F2,5,Pet fri,0
2021,1,F2,6,Pet fri,0
2021,1,F2,7,Pet fri,0
2021,1,F2,8,Pet fri,0
2021,1,F2,1,Pol bis,0.03021148
2021,1,F2,2,Pol bis,0.029239766
2021,1,F2,3,Pol bis,0.024630542
2021,1,F2,4,Pol bis,0.01216545
2021,1,F2,5,Pol bis,0.027027027
2021,1,F2,6,Pol bis,0.012953368
2021,1,F2,7,Pol bis,0.00131406
2021,1,F2,8,Pol bis,0.010857763
2021,1,F2,1,Led pal,0.211480363
2021,1,F2,2,Led pal,0.277777778
2021,1,F2,3,Led pal,0.246305419
2021,1,F2,4,Led pal,0.170316302
2021,1,F2,5,Led pal,0.297297297
2021,1,F2,6,Led pal,0.349740933
2021,1,F2,7,Led pal,0.341655716
2021,1,F2,8,Led pal,0.195439739
2021,1,F2,1,Cas tet,0
2021,1,F2,2,Cas tet,0
2021,1,F2,3,Cas tet,0
2021,1,F2,4,Cas tet,0
2021,1,F2,5,Cas tet,0
2021,1,F2,6,Cas tet,0
2021,1,F2,7,Cas tet,0
2021,1,F2,8,Cas tet,0
2021,1,F2,1,Vac vit,0.120845921
2021,1,F2,2,Vac vit,0.058479532
2021,1,F2,3,Vac vit,0.061576355
2021,1,F2,4,Vac vit,0.0486618
2021,1,F2,5,Vac vit,0.040540541
2021,1,F2,6,Vac vit,0.051813472
2021,1,F2,7,Vac vit,0.105124836
2021,1,F2,8,Vac vit,0.173724213
2021,1,F2,1,Emp nig,0
2021,1,F2,2,Emp nig,0.001461988
2021,1,F2,3,Emp nig,0
2021,1,F2,4,Emp nig,0
2021,1,F2,5,Emp nig,0
2021,1,F2,6,Emp nig,0
2021,1,F2,7,Emp nig,0
2021,1,F2,8,Emp nig,0
2021,1,F2,1,Ped lap,0
2021,1,F2,2,Ped lap,0
2021,1,F2,3,Ped lap,0
2021,1,F2,4,Ped lap,0
2021,1,F2,5,Ped lap,0.013513514
2021,1,F2,6,Ped lap,0.001295337
2021,1,F2,7,Ped lap,0
2021,1,F2,8,Ped lap,0
2021,1,F2,1,And pol,0
2021,1,F2,2,And pol,0
2021,1,F2,3,And pol,0
2021,1,F2,4,And pol,0
2021,1,F2,5,And pol,0
2021,1,F2,6,And pol,0
2021,1,F2,7,And pol,0
2021,1,F2,8,And pol,0
2021,1,F2,1,Dead Evrg,0
2021,1,F2,2,Dead Evrg,0
2021,1,F2,3,Dead Evrg,0
2021,1,F2,4,Dead Evrg,0
2021,1,F2,5,Dead Evrg,0
2021,1,F2,6,Dead Evrg,0
2021,1,F2,7,Dead Evrg,0
2021,1,F2,8,Dead Evrg,0.043431053
2021,1,F2,1,Moss,0
2021,1,F2,2,Moss,0
2021,1,F2,3,Moss,0
2021,1,F2,4,Moss,0.001216545
2021,1,F2,5,Moss,0.054054054
2021,1,F2,6,Moss,0.038860104
2021,1,F2,7,Moss,0.026281209
2021,1,F2,8,Moss,0.010857763
2021,1,F2,1,Lichen ,0
2021,1,F2,2,Lichen ,0.001461988
2021,1,F2,3,Lichen,0.001231527
2021,1,F2,4,Lichen,0.03649635
2021,1,F2,5,Lichen,0.027027027
2021,1,F2,6,Lichen,0.012953368
2021,1,F2,7,Lichen,0.026281209
2021,1,F2,8,Lichen,0.021715527
2021,1,F2,1,Litter,0.151057402
2021,1,F2,2,Litter,0.058479532
2021,1,F2,3,Litter,0.172413793
2021,1,F2,4,Litter,0.0243309
2021,1,F2,5,Litter,0.081081081
2021,1,F2,6,Litter,0.038860104
2021,1,F2,7,Litter,0.013140604
2021,1,F2,8,Litter,0.076004343
2021,1,F2,1,Fr boil,0
2021,1,F2,2,Fr boil,0
2021,1,F2,3,Fr boil,0
2021,1,F2,4,Fr boil,0
2021,1,F2,5,Fr boil,0
2021,1,F2,6,Fr boil,0
2021,1,F2,7,Fr boil,0
2021,1,F2,8,Fr boil,0
2021,1,F2,1,bare ,0
2021,1,F2,2,bare ,0
2021,1,F2,3,bare ,0
2021,1,F2,4,bare ,0
2021,1,F2,5,bare ,0
2021,1,F2,6,bare ,0
2021,1,F2,7,bare ,0
2021,1,F2,8,bare ,0.021715527
2021,1,F5,1,Eri vag,0.094086022
2021,1,F5,2,Eri vag,0.092592593
2021,1,F5,3,Eri vag,0.173469388
2021,1,F5,4,Eri vag,0.018814675
2021,1,F5,5,Eri vag,0.057937428
2021,1,F5,6,Eri vag,0.163487738
2021,1,F5,7,Eri vag,0.124293785
2021,1,F5,8,Eri vag,0.043763676
2021,1,F5,1,Ev litter,0.053763441
2021,1,F5,2,Ev litter,0.162037037
2021,1,F5,3,Ev litter,0.051020408
2021,1,F5,4,Ev litter,0.037629351
2021,1,F5,5,Ev litter,0.081112399
2021,1,F5,6,Ev litter,0.068119891
2021,1,F5,7,Ev litter,0.04519774
2021,1,F5,8,Ev litter,0.021881838
2021,1,F5,1,Car big,0.040322581
2021,1,F5,2,Car big,0.081018519
2021,1,F5,3,Car big,0.030612245
2021,1,F5,4,Car big,0.018814675
2021,1,F5,5,Car big,0.092699884
2021,1,F5,6,Car big,0.054495913
2021,1,F5,7,Car big,0.001129944
2021,1,F5,8,Car big,0
2021,1,F5,1,Grass ex.,0.02688172
2021,1,F5,2,Grass ex.,0.001157407
2021,1,F5,3,Grass ex.,0.020408163
2021,1,F5,4,Grass ex.,0.028222013
2021,1,F5,5,Grass ex.,0.011587486
2021,1,F5,6,Grass ex.,0.040871935
2021,1,F5,7,Grass ex.,0.001129944
2021,1,F5,8,Grass ex.,0
2021,1,F5,1,Bet nan,0.201612903
2021,1,F5,2,Bet nan,0.3125
2021,1,F5,3,Bet nan,0.020408163
2021,1,F5,4,Bet nan,0.225776105
2021,1,F5,5,Bet nan,0.069524913
2021,1,F5,6,Bet nan,0.190735695
2021,1,F5,7,Bet nan,0.327683616
2021,1,F5,8,Bet nan,0.656455142
2021,1,F5,1,Dead Bet,0.01344086
2021,1,F5,2,Dead Bet,0.034722222
2021,1,F5,3,Dead Bet,0
2021,1,F5,4,Dead Bet,0.000940734
2021,1,F5,5,Dead Bet,0.001158749
2021,1,F5,6,Dead Bet,0.013623978
2021,1,F5,7,Dead Bet,0.02259887
2021,1,F5,8,Dead Bet,0.043763676
2021,1,F5,1,Sal pul,0
2021,1,F5,2,Sal pul,0
2021,1,F5,3,Sal pul,0
2021,1,F5,4,Sal pul,0
2021,1,F5,5,Sal pul,0
2021,1,F5,6,Sal pul,0
2021,1,F5,7,Sal pul,0
2021,1,F5,8,Sal pul,0
2021,1,F5,1,Sal ret,0
2021,1,F5,2,Sal ret,0
2021,1,F5,3,Sal ret,0
2021,1,F5,4,Sal ret,0
2021,1,F5,5,Sal ret,0
2021,1,F5,6,Sal ret,0
2021,1,F5,7,Sal ret,0
2021,1,F5,8,Sal ret,0
2021,1,F5,1,Arc alp,0
2021,1,F5,2,Arc alp,0
2021,1,F5,3,Arc alp,0
2021,1,F5,4,Arc alp,0
2021,1,F5,5,Arc alp,0
2021,1,F5,6,Arc alp,0
2021,1,F5,7,Arc alp,0
2021,1,F5,8,Arc alp,0
2021,1,F5,1,Vac uli,0.001344086
2021,1,F5,2,Vac uli,0.001157407
2021,1,F5,3,Vac uli,0
2021,1,F5,4,Vac uli,0.000940734
2021,1,F5,5,Vac uli,0.001158749
2021,1,F5,6,Vac uli,0.013623978
2021,1,F5,7,Vac uli,0.001129944
2021,1,F5,8,Vac uli,0
2021,1,F5,1,Rub cha,0.188172043
2021,1,F5,2,Rub cha,0.05787037
2021,1,F5,3,Rub cha,0.173469388
2021,1,F5,4,Rub cha,0.141110066
2021,1,F5,5,Rub cha,0.185399768
2021,1,F5,6,Rub cha,0.163487738
2021,1,F5,7,Rub cha,0.079096045
2021,1,F5,8,Rub cha,0.054704595
2021,1,F5,1,Pet fri,0
2021,1,F5,2,Pet fri,0
2021,1,F5,3,Pet fri,0
2021,1,F5,4,Pet fri,0
2021,1,F5,5,Pet fri,0
2021,1,F5,6,Pet fri,0
2021,1,F5,7,Pet fri,0
2021,1,F5,8,Pet fri,0
2021,1,F5,1,Pol bis,0
2021,1,F5,2,Pol bis,0
2021,1,F5,3,Pol bis,0
2021,1,F5,4,Pol bis,0.009407338
2021,1,F5,5,Pol bis,0
2021,1,F5,6,Pol bis,0.001362398
2021,1,F5,7,Pol bis,0
2021,1,F5,8,Pol bis,0
2021,1,F5,1,Led pal,0.336021505
2021,1,F5,2,Led pal,0.185185185
2021,1,F5,3,Led pal,0.418367347
2021,1,F5,4,Led pal,0.432737535
2021,1,F5,5,Led pal,0.23174971
2021,1,F5,6,Led pal,0.177111717
2021,1,F5,7,Led pal,0.293785311
2021,1,F5,8,Led pal,0.131291028
2021,1,F5,1,Cas tet,0
2021,1,F5,2,Cas tet,0
2021,1,F5,3,Cas tet,0
2021,1,F5,4,Cas tet,0
2021,1,F5,5,Cas tet,0
2021,1,F5,6,Cas tet,0
2021,1,F5,7,Cas tet,0
2021,1,F5,8,Cas tet,0
2021,1,F5,1,Vac vit,0.001344086
2021,1,F5,2,Vac vit,0.001157407
2021,1,F5,3,Vac vit,0.010204082
2021,1,F5,4,Vac vit,0.018814675
2021,1,F5,5,Vac vit,0.011587486
2021,1,F5,6,Vac vit,0.001362398
2021,1,F5,7,Vac vit,0.011299435
2021,1,F5,8,Vac vit,0.001094092
2021,1,F5,1,Emp nig,0
2021,1,F5,2,Emp nig,0.001157407
2021,1,F5,3,Emp nig,0
2021,1,F5,4,Emp nig,0
2021,1,F5,5,Emp nig,0
2021,1,F5,6,Emp nig,0
2021,1,F5,7,Emp nig,0
2021,1,F5,8,Emp nig,0.001094092
2021,1,F5,1,Ped lap,0
2021,1,F5,2,Ped lap,0
2021,1,F5,3,Ped lap,0
2021,1,F5,4,Ped lap,0
2021,1,F5,5,Ped lap,0
2021,1,F5,6,Ped lap,0
2021,1,F5,7,Ped lap,0
2021,1,F5,8,Ped lap,0
2021,1,F5,1,And pol,0
2021,1,F5,2,And pol,0
2021,1,F5,3,And pol,0
2021,1,F5,4,And pol,0
2021,1,F5,5,And pol,0
2021,1,F5,6,And pol,0
2021,1,F5,7,And pol,0
2021,1,F5,8,And pol,0
2021,1,F5,1,Dead Evrg,0.001344086
2021,1,F5,2,Dead Evrg,0
2021,1,F5,3,Dead Evrg,0.020408163
2021,1,F5,4,Dead Evrg,0.018814675
2021,1,F5,5,Dead Evrg,0.023174971
2021,1,F5,6,Dead Evrg,0.040871935
2021,1,F5,7,Dead Evrg,0.056497175
2021,1,F5,8,Dead Evrg,0.001094092
2021,1,F5,1,Moss,0
2021,1,F5,2,Moss,0.023148148
2021,1,F5,3,Moss,0
2021,1,F5,4,Moss,0.009407338
2021,1,F5,5,Moss,0.023174971
2021,1,F5,6,Moss,0.001362398
2021,1,F5,7,Moss,0
2021,1,F5,8,Moss,0.010940919
2021,1,F5,1,Lichen ,0.001344086
2021,1,F5,2,Lichen ,0
2021,1,F5,3,Lichen,0.010204082
2021,1,F5,4,Lichen,0.000940734
2021,1,F5,5,Lichen,0.023174971
2021,1,F5,6,Lichen,0.001362398
2021,1,F5,7,Lichen,0.001129944
2021,1,F5,8,Lichen,0.001094092
2021,1,F5,1,Litter,0.040322581
2021,1,F5,2,Litter,0.046296296
2021,1,F5,3,Litter,0.071428571
2021,1,F5,4,Litter,0.037629351
2021,1,F5,5,Litter,0.185399768
2021,1,F5,6,Litter,0.068119891
2021,1,F5,7,Litter,0.033898305
2021,1,F5,8,Litter,0.032822757
2021,1,F5,1,Fr boil,0
2021,1,F5,2,Fr boil,0
2021,1,F5,3,Fr boil,0
2021,1,F5,4,Fr boil,0
2021,1,F5,5,Fr boil,0
2021,1,F5,6,Fr boil,0
2021,1,F5,7,Fr boil,0
2021,1,F5,8,Fr boil,0
2021,1,F5,1,bare ,0
2021,1,F5,2,bare ,0
2021,1,F5,3,bare ,0
2021,1,F5,4,bare ,0
2021,1,F5,5,bare ,0.001158749
2021,1,F5,6,bare ,0
2021,1,F5,7,bare ,0.001129944
2021,1,F5,8,bare ,0
2021,1,F10,1,Eri vag,0
2021,1,F10,2,Eri vag,0.062189055
2021,1,F10,3,Eri vag,0.001121076
2021,1,F10,4,Eri vag,0
2021,1,F10,5,Eri vag,0.234215886
2021,1,F10,6,Eri vag,0.064239829
2021,1,F10,7,Eri vag,0.020554985
2021,1,F10,8,Eri vag,0.042417815
2021,1,F10,1,Ev litter,0
2021,1,F10,2,Ev litter,0.074626866
2021,1,F10,3,Ev litter,0.022421525
2021,1,F10,4,Ev litter,0.020986359
2021,1,F10,5,Ev litter,0.132382892
2021,1,F10,6,Ev litter,0.042826552
2021,1,F10,7,Ev litter,0.010277492
2021,1,F10,8,Ev litter,0.074231177
2021,1,F10,1,Car big,0.030895984
2021,1,F10,2,Car big,0.001243781
2021,1,F10,3,Car big,0.011210762
2021,1,F10,4,Car big,0.001049318
2021,1,F10,5,Car big,0.010183299
2021,1,F10,6,Car big,0.001070664
2021,1,F10,7,Car big,0.001027749
2021,1,F10,8,Car big,0.001060445
2021,1,F10,1,Grass ex.,0
2021,1,F10,2,Grass ex.,0.062189055
2021,1,F10,3,Grass ex.,0.011210762
2021,1,F10,4,Grass ex.,0.083945435
2021,1,F10,5,Grass ex.,0.234215886
2021,1,F10,6,Grass ex.,0.032119914
2021,1,F10,7,Grass ex.,0.020554985
2021,1,F10,8,Grass ex.,0.042417815
2021,1,F10,1,Bet nan,0.659114315
2021,1,F10,2,Bet nan,0.472636816
2021,1,F10,3,Bet nan,0.650224215
2021,1,F10,4,Bet nan,0.766002099
2021,1,F10,5,Bet nan,0.101832994
2021,1,F10,6,Bet nan,0.503211991
2021,1,F10,7,Bet nan,0.791366906
2021,1,F10,8,Bet nan,0.572640509
2021,1,F10,1,Dead Bet,0.092687951
2021,1,F10,2,Dead Bet,0.062189055
2021,1,F10,3,Dead Bet,0.089686099
2021,1,F10,4,Dead Bet,0.041972718
2021,1,F10,5,Dead Bet,0
2021,1,F10,6,Dead Bet,0.001070664
2021,1,F10,7,Dead Bet,0.030832477
2021,1,F10,8,Dead Bet,0.042417815
2021,1,F10,1,Sal pul,0
2021,1,F10,2,Sal pul,0
2021,1,F10,3,Sal pul,0
2021,1,F10,4,Sal pul,0
2021,1,F10,5,Sal pul,0.010183299
2021,1,F10,6,Sal pul,0
2021,1,F10,7,Sal pul,0
2021,1,F10,8,Sal pul,0
2021,1,F10,1,Sal ret,0
2021,1,F10,2,Sal ret,0
2021,1,F10,3,Sal ret,0
2021,1,F10,4,Sal ret,0
2021,1,F10,5,Sal ret,0
2021,1,F10,6,Sal ret,0
2021,1,F10,7,Sal ret,0
2021,1,F10,8,Sal ret,0
2021,1,F10,1,Arc alp,0
2021,1,F10,2,Arc alp,0
2021,1,F10,3,Arc alp,0
2021,1,F10,4,Arc alp,0
2021,1,F10,5,Arc alp,0
2021,1,F10,6,Arc alp,0
2021,1,F10,7,Arc alp,0
2021,1,F10,8,Arc alp,0
2021,1,F10,1,Vac uli,0
2021,1,F10,2,Vac uli,0
2021,1,F10,3,Vac uli,0
2021,1,F10,4,Vac uli,0
2021,1,F10,5,Vac uli,0
2021,1,F10,6,Vac uli,0
2021,1,F10,7,Vac uli,0
2021,1,F10,8,Vac uli,0
2021,1,F10,1,Rub cha,0.144181256
2021,1,F10,2,Rub cha,0.236318408
2021,1,F10,3,Rub cha,0.179372197
2021,1,F10,4,Rub cha,0.041972718
2021,1,F10,5,Rub cha,0.234215886
2021,1,F10,6,Rub cha,0.139186296
2021,1,F10,7,Rub cha,0.071942446
2021,1,F10,8,Rub cha,0.180275716
2021,1,F10,1,Pet fri,0
2021,1,F10,2,Pet fri,0
2021,1,F10,3,Pet fri,0
2021,1,F10,4,Pet fri,0
2021,1,F10,5,Pet fri,0
2021,1,F10,6,Pet fri,0
2021,1,F10,7,Pet fri,0
2021,1,F10,8,Pet fri,0
2021,1,F10,1,Pol bis,0
2021,1,F10,2,Pol bis,0
2021,1,F10,3,Pol bis,0
2021,1,F10,4,Pol bis,0
2021,1,F10,5,Pol bis,0
2021,1,F10,6,Pol bis,0
2021,1,F10,7,Pol bis,0
2021,1,F10,8,Pol bis,0
2021,1,F10,1,Led pal,0
2021,1,F10,2,Led pal,0
2021,1,F10,3,Led pal,0
2021,1,F10,4,Led pal,0
2021,1,F10,5,Led pal,0.00101833
2021,1,F10,6,Led pal,0.117773019
2021,1,F10,7,Led pal,0.041109969
2021,1,F10,8,Led pal,0.031813362
2021,1,F10,1,Cas tet,0
2021,1,F10,2,Cas tet,0
2021,1,F10,3,Cas tet,0
2021,1,F10,4,Cas tet,0
2021,1,F10,5,Cas tet,0
2021,1,F10,6,Cas tet,0
2021,1,F10,7,Cas tet,0
2021,1,F10,8,Cas tet,0
2021,1,F10,1,Vac vit,0
2021,1,F10,2,Vac vit,0
2021,1,F10,3,Vac vit,0
2021,1,F10,4,Vac vit,0
2021,1,F10,5,Vac vit,0
2021,1,F10,6,Vac vit,0
2021,1,F10,7,Vac vit,0
2021,1,F10,8,Vac vit,0
2021,1,F10,1,Emp nig,0
2021,1,F10,2,Emp nig,0
2021,1,F10,3,Emp nig,0
2021,1,F10,4,Emp nig,0
2021,1,F10,5,Emp nig,0
2021,1,F10,6,Emp nig,0
2021,1,F10,7,Emp nig,0
2021,1,F10,8,Emp nig,0
2021,1,F10,1,Ped lap,0
2021,1,F10,2,Ped lap,0
2021,1,F10,3,Ped lap,0
2021,1,F10,4,Ped lap,0
2021,1,F10,5,Ped lap,0
2021,1,F10,6,Ped lap,0
2021,1,F10,7,Ped lap,0
2021,1,F10,8,Ped lap,0
2021,1,F10,1,And pol,0
2021,1,F10,2,And pol,0
2021,1,F10,3,And pol,0
2021,1,F10,4,And pol,0
2021,1,F10,5,And pol,0
2021,1,F10,6,And pol,0
2021,1,F10,7,And pol,0
2021,1,F10,8,And pol,0
2021,1,F10,1,Dead Evrg,0.001029866
2021,1,F10,2,Dead Evrg,0.001243781
2021,1,F10,3,Dead Evrg,0
2021,1,F10,4,Dead Evrg,0
2021,1,F10,5,Dead Evrg,0
2021,1,F10,6,Dead Evrg,0.010706638
2021,1,F10,7,Dead Evrg,0.001027749
2021,1,F10,8,Dead Evrg,0.001060445
2021,1,F10,1,Moss,0
2021,1,F10,2,Moss,0
2021,1,F10,3,Moss,0.011210762
2021,1,F10,4,Moss,0.001049318
2021,1,F10,5,Moss,0
2021,1,F10,6,Moss,0.042826552
2021,1,F10,7,Moss,0
2021,1,F10,8,Moss,0
2021,1,F10,1,Lichen ,0
2021,1,F10,2,Lichen ,0.001243781
2021,1,F10,3,Lichen,0.001121076
2021,1,F10,4,Lichen,0
2021,1,F10,5,Lichen,0.00101833
2021,1,F10,6,Lichen,0.001070664
2021,1,F10,7,Lichen,0
2021,1,F10,8,Lichen,0
2021,1,F10,1,Litter,0.061791967
2021,1,F10,2,Litter,0.024875622
2021,1,F10,3,Litter,0.011210762
2021,1,F10,4,Litter,0.041972718
2021,1,F10,5,Litter,0.040733198
2021,1,F10,6,Litter,0.042826552
2021,1,F10,7,Litter,0.010277492
2021,1,F10,8,Litter,0.010604454
2021,1,F10,1,Fr boil,0
2021,1,F10,2,Fr boil,0
2021,1,F10,3,Fr boil,0
2021,1,F10,4,Fr boil,0
2021,1,F10,5,Fr boil,0
2021,1,F10,6,Fr boil,0
2021,1,F10,7,Fr boil,0
2021,1,F10,8,Fr boil,0
2021,1,F10,1,bare ,0.010298661
2021,1,F10,2,bare ,0.001243781
2021,1,F10,3,bare ,0.011210762
2021,1,F10,4,bare ,0.001049318
2021,1,F10,5,bare ,0
2021,1,F10,6,bare ,0.001070664
2021,1,F10,7,bare ,0.001027749
2021,1,F10,8,bare ,0.001060445
2021,2,CT,1,Eri vag,0.431654676
2021,2,CT,2,Eri vag,0.308641975
2021,2,CT,3,Eri vag,0.114942529
2021,2,CT,4,Eri vag,0.111788618
2021,2,CT,5,Eri vag,0.161054173
2021,2,CT,6,Eri vag,0.228187919
2021,2,CT,7,Eri vag,0.233297985
2021,2,CT,8,Eri vag,0.127326151
2021,2,CT,1,Ev litter,0.047961631
2021,2,CT,2,Ev litter,0.061728395
2021,2,CT,3,Ev litter,0.038314176
2021,2,CT,4,Ev litter,0.040650407
2021,2,CT,5,Ev litter,0.058565154
2021,2,CT,6,Ev litter,0.080536913
2021,2,CT,7,Ev litter,0.063626723
2021,2,CT,8,Ev litter,0.029382958
2021,2,CT,1,Car big,0.023980815
2021,2,CT,2,Car big,0.051440329
2021,2,CT,3,Car big,0.038314176
2021,2,CT,4,Car big,0.050813008
2021,2,CT,5,Car big,0.058565154
2021,2,CT,6,Car big,0.040268456
2021,2,CT,7,Car big,0.074231177
2021,2,CT,8,Car big,0.097943193
2021,2,CT,1,Grass ex.,0
2021,2,CT,2,Grass ex.,0
2021,2,CT,3,Grass ex.,0
2021,2,CT,4,Grass ex.,0
2021,2,CT,5,Grass ex.,0.014641288
2021,2,CT,6,Grass ex.,0.001342282
2021,2,CT,7,Grass ex.,0
2021,2,CT,8,Grass ex.,0
2021,2,CT,1,Bet nan,0.083932854
2021,2,CT,2,Bet nan,0.113168724
2021,2,CT,3,Bet nan,0.229885057
2021,2,CT,4,Bet nan,0.325203252
2021,2,CT,5,Bet nan,0.087847731
2021,2,CT,6,Bet nan,0.053691275
2021,2,CT,7,Bet nan,0.084835631
2021,2,CT,8,Bet nan,0.205680705
2021,2,CT,1,Dead Bet,0.001199041
2021,2,CT,2,Dead Bet,0.001028807
2021,2,CT,3,Dead Bet,0.001277139
2021,2,CT,4,Dead Bet,0.010162602
2021,2,CT,5,Dead Bet,0
2021,2,CT,6,Dead Bet,0.001342282
2021,2,CT,7,Dead Bet,0.021208908
2021,2,CT,8,Dead Bet,0.009794319
2021,2,CT,1,Sal pul,0
2021,2,CT,2,Sal pul,0
2021,2,CT,3,Sal pul,0.102171137
2021,2,CT,4,Sal pul,0.050813008
2021,2,CT,5,Sal pul,0.087847731
2021,2,CT,6,Sal pul,0.053691275
2021,2,CT,7,Sal pul,0.010604454
2021,2,CT,8,Sal pul,0.088148874
2021,2,CT,1,Sal ret,0
2021,2,CT,2,Sal ret,0
2021,2,CT,3,Sal ret,0
2021,2,CT,4,Sal ret,0
2021,2,CT,5,Sal ret,0
2021,2,CT,6,Sal ret,0
2021,2,CT,7,Sal ret,0
2021,2,CT,8,Sal ret,0
2021,2,CT,1,Arc alp,0
2021,2,CT,2,Arc alp,0.041152263
2021,2,CT,3,Arc alp,0.153256705
2021,2,CT,4,Arc alp,0.00101626
2021,2,CT,5,Arc alp,0
2021,2,CT,6,Arc alp,0.026845638
2021,2,CT,7,Arc alp,0
2021,2,CT,8,Arc alp,0
2021,2,CT,1,Vac uli,0
2021,2,CT,2,Vac uli,0.051440329
2021,2,CT,3,Vac uli,0.012771392
2021,2,CT,4,Vac uli,0
2021,2,CT,5,Vac uli,0
2021,2,CT,6,Vac uli,0.013422819
2021,2,CT,7,Vac uli,0
2021,2,CT,8,Vac uli,0
2021,2,CT,1,Rub cha,0
2021,2,CT,2,Rub cha,0
2021,2,CT,3,Rub cha,0
2021,2,CT,4,Rub cha,0
2021,2,CT,5,Rub cha,0
2021,2,CT,6,Rub cha,0
2021,2,CT,7,Rub cha,0
2021,2,CT,8,Rub cha,0
2021,2,CT,1,Pet fri,0
2021,2,CT,2,Pet fri,0
2021,2,CT,3,Pet fri,0
2021,2,CT,4,Pet fri,0
2021,2,CT,5,Pet fri,0
2021,2,CT,6,Pet fri,0
2021,2,CT,7,Pet fri,0
2021,2,CT,8,Pet fri,0
2021,2,CT,1,Pol bis,0.023980815
2021,2,CT,2,Pol bis,0.010288066
2021,2,CT,3,Pol bis,0.025542784
2021,2,CT,4,Pol bis,0.00101626
2021,2,CT,5,Pol bis,0.001464129
2021,2,CT,6,Pol bis,0.001342282
2021,2,CT,7,Pol bis,0.001060445
2021,2,CT,8,Pol bis,0
2021,2,CT,1,Led pal,0.035971223
2021,2,CT,2,Led pal,0.072016461
2021,2,CT,3,Led pal,0.025542784
2021,2,CT,4,Led pal,0.223577236
2021,2,CT,5,Led pal,0.234260615
2021,2,CT,6,Led pal,0.281879195
2021,2,CT,7,Led pal,0.201484624
2021,2,CT,8,Led pal,0.27424094
2021,2,CT,1,Cas tet,0
2021,2,CT,2,Cas tet,0
2021,2,CT,3,Cas tet,0
2021,2,CT,4,Cas tet,0
2021,2,CT,5,Cas tet,0
2021,2,CT,6,Cas tet,0
2021,2,CT,7,Cas tet,0
2021,2,CT,8,Cas tet,0
2021,2,CT,1,Vac vit,0.143884892
2021,2,CT,2,Vac vit,0.072016461
2021,2,CT,3,Vac vit,0.06385696
2021,2,CT,4,Vac vit,0.010162602
2021,2,CT,5,Vac vit,0.029282577
2021,2,CT,6,Vac vit,0.080536913
2021,2,CT,7,Vac vit,0.095440085
2021,2,CT,8,Vac vit,0.048971596
2021,2,CT,1,Emp nig,0.035971223
2021,2,CT,2,Emp nig,0.051440329
2021,2,CT,3,Emp nig,0
2021,2,CT,4,Emp nig,0.010162602
2021,2,CT,5,Emp nig,0.029282577
2021,2,CT,6,Emp nig,0.013422819
2021,2,CT,7,Emp nig,0.031813362
2021,2,CT,8,Emp nig,0.009794319
2021,2,CT,1,Ped lap,0.001199041
2021,2,CT,2,Ped lap,0.001028807
2021,2,CT,3,Ped lap,0.001277139
2021,2,CT,4,Ped lap,0.00101626
2021,2,CT,5,Ped lap,0.014641288
2021,2,CT,6,Ped lap,0.001342282
2021,2,CT,7,Ped lap,0.001060445
2021,2,CT,8,Ped lap,0.009794319
2021,2,CT,1,And pol,0
2021,2,CT,2,And pol,0
2021,2,CT,3,And pol,0
2021,2,CT,4,And pol,0
2021,2,CT,5,And pol,0
2021,2,CT,6,And pol,0
2021,2,CT,7,And pol,0
2021,2,CT,8,And pol,0
2021,2,CT,1,Dead Evrg,0.001199041
2021,2,CT,2,Dead Evrg,0.010288066
2021,2,CT,3,Dead Evrg,0.012771392
2021,2,CT,4,Dead Evrg,0.010162602
2021,2,CT,5,Dead Evrg,0.001464129
2021,2,CT,6,Dead Evrg,0.001342282
2021,2,CT,7,Dead Evrg,0.001060445
2021,2,CT,8,Dead Evrg,0.000979432
2021,2,CT,1,Moss,0.059952038
2021,2,CT,2,Moss,0.082304527
2021,2,CT,3,Moss,0.025542784
2021,2,CT,4,Moss,0.081300813
2021,2,CT,5,Moss,0.073206442
2021,2,CT,6,Moss,0
2021,2,CT,7,Moss,0.010604454
2021,2,CT,8,Moss,0.039177277
2021,2,CT,1,Lichen ,0.001199041
2021,2,CT,2,Lichen ,0.010288066
2021,2,CT,3,Lichen,0.001277139
2021,2,CT,4,Lichen,0.00101626
2021,2,CT,5,Lichen,0.001464129
2021,2,CT,6,Lichen,0.013422819
2021,2,CT,7,Lichen,0.063626723
2021,2,CT,8,Lichen,0.009794319
2021,2,CT,1,Litter,0.011990408
2021,2,CT,2,Litter,0.030864198
2021,2,CT,3,Litter,0.038314176
2021,2,CT,4,Litter,0.020325203
2021,2,CT,5,Litter,0.058565154
2021,2,CT,6,Litter,0.026845638
2021,2,CT,7,Litter,0.053022269
2021,2,CT,8,Litter,0.019588639
2021,2,CT,1,Fr boil,0
2021,2,CT,2,Fr boil,0
2021,2,CT,3,Fr boil,0.051085568
2021,2,CT,4,Fr boil,0.010162602
2021,2,CT,5,Fr boil,0
2021,2,CT,6,Fr boil,0
2021,2,CT,7,Fr boil,0
2021,2,CT,8,Fr boil,0
2021,2,CT,1,bare ,0.095923261
2021,2,CT,2,bare ,0.030864198
2021,2,CT,3,bare ,0.06385696
2021,2,CT,4,bare ,0.040650407
2021,2,CT,5,bare ,0.087847731
2021,2,CT,6,bare ,0.080536913
2021,2,CT,7,bare ,0.053022269
2021,2,CT,8,bare ,0.029382958
2021,2,F2,1,Eri vag,0.064102564
2021,2,F2,2,Eri vag,0.093071355
2021,2,F2,3,Eri vag,0.229591837
2021,2,F2,4,Eri vag,0.115874855
2021,2,F2,5,Eri vag,0.154479918
2021,2,F2,6,Eri vag,0.137142857
2021,2,F2,7,Eri vag,0.10940919
2021,2,F2,8,Eri vag,0.165137615
2021,2,F2,1,Ev litter,0.032051282
2021,2,F2,2,Ev litter,0.031023785
2021,2,F2,3,Ev litter,0.102040816
2021,2,F2,4,Ev litter,0.034762457
2021,2,F2,5,Ev litter,0.051493306
2021,2,F2,6,Ev litter,0.022857143
2021,2,F2,7,Ev litter,0.043763676
2021,2,F2,8,Ev litter,0.055045872
2021,2,F2,1,Car big,0.021367521
2021,2,F2,2,Car big,0.031023785
2021,2,F2,3,Car big,0.025510204
2021,2,F2,4,Car big,0.023174971
2021,2,F2,5,Car big,0.051493306
2021,2,F2,6,Car big,0.022857143
2021,2,F2,7,Car big,0.043763676
2021,2,F2,8,Car big,0.165137615
2021,2,F2,1,Grass ex.,0
2021,2,F2,2,Grass ex.,0.001034126
2021,2,F2,3,Grass ex.,0.00127551
2021,2,F2,4,Grass ex.,0
2021,2,F2,5,Grass ex.,0
2021,2,F2,6,Grass ex.,0
2021,2,F2,7,Grass ex.,0
2021,2,F2,8,Grass ex.,0
2021,2,F2,1,Bet nan,0.235042735
2021,2,F2,2,Bet nan,0.227507756
2021,2,F2,3,Bet nan,0.153061224
2021,2,F2,4,Bet nan,0.057937428
2021,2,F2,5,Bet nan,0.092687951
2021,2,F2,6,Bet nan,0.114285714
2021,2,F2,7,Bet nan,0.10940919
2021,2,F2,8,Bet nan,0.201834862
2021,2,F2,1,Dead Bet,0.001068376
2021,2,F2,2,Dead Bet,0.001034126
2021,2,F2,3,Dead Bet,0.025510204
2021,2,F2,4,Dead Bet,0.023174971
2021,2,F2,5,Dead Bet,0
2021,2,F2,6,Dead Bet,0.001142857
2021,2,F2,7,Dead Bet,0.010940919
2021,2,F2,8,Dead Bet,0.001834862
2021,2,F2,1,Sal pul,0.021367521
2021,2,F2,2,Sal pul,0.010341262
2021,2,F2,3,Sal pul,0.012755102
2021,2,F2,4,Sal pul,0.011587486
2021,2,F2,5,Sal pul,0
2021,2,F2,6,Sal pul,0
2021,2,F2,7,Sal pul,0.021881838
2021,2,F2,8,Sal pul,0.018348624
2021,2,F2,1,Sal ret,0
2021,2,F2,2,Sal ret,0
2021,2,F2,3,Sal ret,0
2021,2,F2,4,Sal ret,0
2021,2,F2,5,Sal ret,0
2021,2,F2,6,Sal ret,0
2021,2,F2,7,Sal ret,0
2021,2,F2,8,Sal ret,0
2021,2,F2,1,Arc alp,0
2021,2,F2,2,Arc alp,0
2021,2,F2,3,Arc alp,0
2021,2,F2,4,Arc alp,0
2021,2,F2,5,Arc alp,0
2021,2,F2,6,Arc alp,0
2021,2,F2,7,Arc alp,0
2021,2,F2,8,Arc alp,0
2021,2,F2,1,Vac uli,0.021367521
2021,2,F2,2,Vac uli,0
2021,2,F2,3,Vac uli,0
2021,2,F2,4,Vac uli,0
2021,2,F2,5,Vac uli,0
2021,2,F2,6,Vac uli,0
2021,2,F2,7,Vac uli,0
2021,2,F2,8,Vac uli,0
2021,2,F2,1,Rub cha,0.085470085
2021,2,F2,2,Rub cha,0.072388831
2021,2,F2,3,Rub cha,0.076530612
2021,2,F2,4,Rub cha,0.150637312
2021,2,F2,5,Rub cha,0.144181256
2021,2,F2,6,Rub cha,0.285714286
2021,2,F2,7,Rub cha,0.273522976
2021,2,F2,8,Rub cha,0.183486239
2021,2,F2,1,Pet fri,0
2021,2,F2,2,Pet fri,0
2021,2,F2,3,Pet fri,0
2021,2,F2,4,Pet fri,0
2021,2,F2,5,Pet fri,0
2021,2,F2,6,Pet fri,0
2021,2,F2,7,Pet fri,0
2021,2,F2,8,Pet fri,0
2021,2,F2,1,Pol bis,0.021367521
2021,2,F2,2,Pol bis,0.072388831
2021,2,F2,3,Pol bis,0.025510204
2021,2,F2,4,Pol bis,0.081112399
2021,2,F2,5,Pol bis,0.010298661
2021,2,F2,6,Pol bis,0.001142857
2021,2,F2,7,Pol bis,0.001094092
2021,2,F2,8,Pol bis,0.001834862
2021,2,F2,1,Led pal,0.416666667
2021,2,F2,2,Led pal,0.403309204
2021,2,F2,3,Led pal,0.255102041
2021,2,F2,4,Led pal,0.289687138
2021,2,F2,5,Led pal,0.432543769
2021,2,F2,6,Led pal,0.365714286
2021,2,F2,7,Led pal,0.284463895
2021,2,F2,8,Led pal,0.036697248
2021,2,F2,1,Cas tet,0
2021,2,F2,2,Cas tet,0
2021,2,F2,3,Cas tet,0
2021,2,F2,4,Cas tet,0
2021,2,F2,5,Cas tet,0
2021,2,F2,6,Cas tet,0
2021,2,F2,7,Cas tet,0
2021,2,F2,8,Cas tet,0
2021,2,F2,1,Vac vit,0.053418803
2021,2,F2,2,Vac vit,0.031023785
2021,2,F2,3,Vac vit,0.076530612
2021,2,F2,4,Vac vit,0.162224797
2021,2,F2,5,Vac vit,0.041194645
2021,2,F2,6,Vac vit,0.045714286
2021,2,F2,7,Vac vit,0.054704595
2021,2,F2,8,Vac vit,0.128440367
2021,2,F2,1,Emp nig,0.001068376
2021,2,F2,2,Emp nig,0.001034126
2021,2,F2,3,Emp nig,0
2021,2,F2,4,Emp nig,0.001158749
2021,2,F2,5,Emp nig,0
2021,2,F2,6,Emp nig,0.001142857
2021,2,F2,7,Emp nig,0
2021,2,F2,8,Emp nig,0
2021,2,F2,1,Ped lap,0.001068376
2021,2,F2,2,Ped lap,0.001034126
2021,2,F2,3,Ped lap,0.00127551
2021,2,F2,4,Ped lap,0.011587486
2021,2,F2,5,Ped lap,0.001029866
2021,2,F2,6,Ped lap,0
2021,2,F2,7,Ped lap,0.001094092
2021,2,F2,8,Ped lap,0.001834862
2021,2,F2,1,And pol,0
2021,2,F2,2,And pol,0
2021,2,F2,3,And pol,0
2021,2,F2,4,And pol,0
2021,2,F2,5,And pol,0
2021,2,F2,6,And pol,0
2021,2,F2,7,And pol,0
2021,2,F2,8,And pol,0
2021,2,F2,1,Dead Evrg,0.001068376
2021,2,F2,2,Dead Evrg,0.001034126
2021,2,F2,3,Dead Evrg,0.00127551
2021,2,F2,4,Dead Evrg,0.001158749
2021,2,F2,5,Dead Evrg,0
2021,2,F2,6,Dead Evrg,0.001142857
2021,2,F2,7,Dead Evrg,0.001094092
2021,2,F2,8,Dead Evrg,0
2021,2,F2,1,Moss,0.001068376
2021,2,F2,2,Moss,0
2021,2,F2,3,Moss,0
2021,2,F2,4,Moss,0.011587486
2021,2,F2,5,Moss,0
2021,2,F2,6,Moss,0
2021,2,F2,7,Moss,0.021881838
2021,2,F2,8,Moss,0.001834862
2021,2,F2,1,Lichen ,0.001068376
2021,2,F2,2,Lichen ,0.001034126
2021,2,F2,3,Lichen,0.00127551
2021,2,F2,4,Lichen,0.001158749
2021,2,F2,5,Lichen,0
2021,2,F2,6,Lichen,0
2021,2,F2,7,Lichen,0.001094092
2021,2,F2,8,Lichen,0.001834862
2021,2,F2,1,Litter,0.021367521
2021,2,F2,2,Litter,0.020682523
2021,2,F2,3,Litter,0.012755102
2021,2,F2,4,Litter,0.023174971
2021,2,F2,5,Litter,0.020597322
2021,2,F2,6,Litter,0.001142857
2021,2,F2,7,Litter,0.021881838
2021,2,F2,8,Litter,0.036697248
2021,2,F2,1,Fr boil,0
2021,2,F2,2,Fr boil,0
2021,2,F2,3,Fr boil,0
2021,2,F2,4,Fr boil,0
2021,2,F2,5,Fr boil,0
2021,2,F2,6,Fr boil,0
2021,2,F2,7,Fr boil,0
2021,2,F2,8,Fr boil,0
2021,2,F2,1,bare ,0
2021,2,F2,2,bare ,0.001034126
2021,2,F2,3,bare ,0
2021,2,F2,4,bare ,0
2021,2,F2,5,bare ,0
2021,2,F2,6,bare ,0
2021,2,F2,7,bare ,0
2021,2,F2,8,bare ,0
2021,2,F5,1,Eri vag,0.063051702
2021,2,F5,2,Eri vag,0
2021,2,F5,3,Eri vag,0.061919505
2021,2,F5,4,Eri vag,0.001945525
2021,2,F5,5,Eri vag,0.067294751
2021,2,F5,6,Eri vag,0.067385445
2021,2,F5,7,Eri vag,0
2021,2,F5,8,Eri vag,0.017123288
2021,2,F5,1,Ev litter,0.001261034
2021,2,F5,2,Ev litter,0.025542784
2021,2,F5,3,Ev litter,0.123839009
2021,2,F5,4,Ev litter,0.077821012
2021,2,F5,5,Ev litter,0.094212651
2021,2,F5,6,Ev litter,0.067385445
2021,2,F5,7,Ev litter,0
2021,2,F5,8,Ev litter,0
2021,2,F5,1,Car big,0.01261034
2021,2,F5,2,Car big,0.001277139
2021,2,F5,3,Car big,0
2021,2,F5,4,Car big,0.001945525
2021,2,F5,5,Car big,0
2021,2,F5,6,Car big,0.094339623
2021,2,F5,7,Car big,0.001261034
2021,2,F5,8,Car big,0.017123288
2021,2,F5,1,Grass ex.,0.163934426
2021,2,F5,2,Grass ex.,0.051085568
2021,2,F5,3,Grass ex.,0.123839009
2021,2,F5,4,Grass ex.,0.077821012
2021,2,F5,5,Grass ex.,0.053835801
2021,2,F5,6,Grass ex.,0.053908356
2021,2,F5,7,Grass ex.,0.176544767
2021,2,F5,8,Grass ex.,0.068493151
2021,2,F5,1,Bet nan,0.290037831
2021,2,F5,2,Bet nan,0.178799489
2021,2,F5,3,Bet nan,0.588235294
2021,2,F5,4,Bet nan,0.214007782
2021,2,F5,5,Bet nan,0.201884253
2021,2,F5,6,Bet nan,0.242587601
2021,2,F5,7,Bet nan,0.428751576
2021,2,F5,8,Bet nan,0.325342466
2021,2,F5,1,Dead Bet,0
2021,2,F5,2,Dead Bet,0.001277139
2021,2,F5,3,Dead Bet,0.003095975
2021,2,F5,4,Dead Bet,0.001945525
2021,2,F5,5,Dead Bet,0.01345895
2021,2,F5,6,Dead Bet,0.013477089
2021,2,F5,7,Dead Bet,0.01261034
2021,2,F5,8,Dead Bet,0.001712329
2021,2,F5,1,Sal pul,0.01261034
2021,2,F5,2,Sal pul,0
2021,2,F5,3,Sal pul,0
2021,2,F5,4,Sal pul,0.001945525
2021,2,F5,5,Sal pul,0.01345895
2021,2,F5,6,Sal pul,0.040431267
2021,2,F5,7,Sal pul,0.025220681
2021,2,F5,8,Sal pul,0.171232877
2021,2,F5,1,Sal ret,0
2021,2,F5,2,Sal ret,0
2021,2,F5,3,Sal ret,0
2021,2,F5,4,Sal ret,0
2021,2,F5,5,Sal ret,0
2021,2,F5,6,Sal ret,0
2021,2,F5,7,Sal ret,0
2021,2,F5,8,Sal ret,0
2021,2,F5,1,Arc alp,0
2021,2,F5,2,Arc alp,0
2021,2,F5,3,Arc alp,0
2021,2,F5,4,Arc alp,0
2021,2,F5,5,Arc alp,0
2021,2,F5,6,Arc alp,0
2021,2,F5,7,Arc alp,0
2021,2,F5,8,Arc alp,0
2021,2,F5,1,Vac uli,0
2021,2,F5,2,Vac uli,0.025542784
2021,2,F5,3,Vac uli,0
2021,2,F5,4,Vac uli,0
2021,2,F5,5,Vac uli,0.001345895
2021,2,F5,6,Vac uli,0
2021,2,F5,7,Vac uli,0
2021,2,F5,8,Vac uli,0.001712329
2021,2,F5,1,Rub cha,0
2021,2,F5,2,Rub cha,0
2021,2,F5,3,Rub cha,0
2021,2,F5,4,Rub cha,0
2021,2,F5,5,Rub cha,0
2021,2,F5,6,Rub cha,0
2021,2,F5,7,Rub cha,0
2021,2,F5,8,Rub cha,0
2021,2,F5,1,Pet fri,0
2021,2,F5,2,Pet fri,0
2021,2,F5,3,Pet fri,0
2021,2,F5,4,Pet fri,0
2021,2,F5,5,Pet fri,0
2021,2,F5,6,Pet fri,0
2021,2,F5,7,Pet fri,0
2021,2,F5,8,Pet fri,0
2021,2,F5,1,Pol bis,0.001261034
2021,2,F5,2,Pol bis,0
2021,2,F5,3,Pol bis,0.003095975
2021,2,F5,4,Pol bis,0
2021,2,F5,5,Pol bis,0.001345895
2021,2,F5,6,Pol bis,0.001347709
2021,2,F5,7,Pol bis,0
2021,2,F5,8,Pol bis,0.001712329
2021,2,F5,1,Led pal,0.365699874
2021,2,F5,2,Led pal,0.67688378
2021,2,F5,3,Led pal,0.030959752
2021,2,F5,4,Led pal,0.583657588
2021,2,F5,5,Led pal,0.471063257
2021,2,F5,6,Led pal,0.336927224
2021,2,F5,7,Led pal,0.25220681
2021,2,F5,8,Led pal,0.342465753
2021,2,F5,1,Cas tet,0
2021,2,F5,2,Cas tet,0
2021,2,F5,3,Cas tet,0
2021,2,F5,4,Cas tet,0
2021,2,F5,5,Cas tet,0
2021,2,F5,6,Cas tet,0
2021,2,F5,7,Cas tet,0
2021,2,F5,8,Cas tet,0
2021,2,F5,1,Vac vit,0
2021,2,F5,2,Vac vit,0.001277139
2021,2,F5,3,Vac vit,0.003095975
2021,2,F5,4,Vac vit,0
2021,2,F5,5,Vac vit,0.01345895
2021,2,F5,6,Vac vit,0.013477089
2021,2,F5,7,Vac vit,0
2021,2,F5,8,Vac vit,0.017123288
2021,2,F5,1,Emp nig,0
2021,2,F5,2,Emp nig,0
2021,2,F5,3,Emp nig,0
2021,2,F5,4,Emp nig,0
2021,2,F5,5,Emp nig,0
2021,2,F5,6,Emp nig,0
2021,2,F5,7,Emp nig,0
2021,2,F5,8,Emp nig,0
2021,2,F5,1,Ped lap,0
2021,2,F5,2,Ped lap,0
2021,2,F5,3,Ped lap,0
2021,2,F5,4,Ped lap,0
2021,2,F5,5,Ped lap,0
2021,2,F5,6,Ped lap,0
2021,2,F5,7,Ped lap,0.001261034
2021,2,F5,8,Ped lap,0
2021,2,F5,1,And pol,0
2021,2,F5,2,And pol,0
2021,2,F5,3,And pol,0
2021,2,F5,4,And pol,0
2021,2,F5,5,And pol,0
2021,2,F5,6,And pol,0
2021,2,F5,7,And pol,0
2021,2,F5,8,And pol,0
2021,2,F5,1,Dead Evrg,0.01261034
2021,2,F5,2,Dead Evrg,0.012771392
2021,2,F5,3,Dead Evrg,0.030959752
2021,2,F5,4,Dead Evrg,0.019455253
2021,2,F5,5,Dead Evrg,0.001345895
2021,2,F5,6,Dead Evrg,0.001347709
2021,2,F5,7,Dead Evrg,0.001261034
2021,2,F5,8,Dead Evrg,0.001712329
2021,2,F5,1,Moss,0
2021,2,F5,2,Moss,0
2021,2,F5,3,Moss,0
2021,2,F5,4,Moss,0
2021,2,F5,5,Moss,0
2021,2,F5,6,Moss,0
2021,2,F5,7,Moss,0
2021,2,F5,8,Moss,0
2021,2,F5,1,Lichen ,0.001261034
2021,2,F5,2,Lichen ,0
2021,2,F5,3,Lichen,0
2021,2,F5,4,Lichen,0
2021,2,F5,5,Lichen,0
2021,2,F5,6,Lichen,0
2021,2,F5,7,Lichen,0
2021,2,F5,8,Lichen,0
2021,2,F5,1,Litter,0.075662043
2021,2,F5,2,Litter,0.025542784
2021,2,F5,3,Litter,0.030959752
2021,2,F5,4,Litter,0.019455253
2021,2,F5,5,Litter,0.067294751
2021,2,F5,6,Litter,0.067385445
2021,2,F5,7,Litter,0.100882724
2021,2,F5,8,Litter,0.034246575
2021,2,F5,1,Fr boil,0
2021,2,F5,2,Fr boil,0
2021,2,F5,3,Fr boil,0
2021,2,F5,4,Fr boil,0
2021,2,F5,5,Fr boil,0
2021,2,F5,6,Fr boil,0
2021,2,F5,7,Fr boil,0
2021,2,F5,8,Fr boil,0
2021,2,F5,1,bare ,0
2021,2,F5,2,bare ,0
2021,2,F5,3,bare ,0
2021,2,F5,4,bare ,0
2021,2,F5,5,bare ,0
2021,2,F5,6,bare ,0
2021,2,F5,7,bare ,0
2021,2,F5,8,bare ,0
2021,2,F10,1,Eri vag,0.012658228
2021,2,F10,2,Eri vag,0.096385542
2021,2,F10,3,Eri vag,0.023781213
2021,2,F10,4,Eri vag,0.001531394
2021,2,F10,5,Eri vag,0.043907794
2021,2,F10,6,Eri vag,0
2021,2,F10,7,Eri vag,0.059820538
2021,2,F10,8,Eri vag,0.013513514
2021,2,F10,1,Ev litter,0
2021,2,F10,2,Ev litter,0.012048193
2021,2,F10,3,Ev litter,0.011890606
2021,2,F10,4,Ev litter,0.045941807
2021,2,F10,5,Ev litter,0
2021,2,F10,6,Ev litter,0
2021,2,F10,7,Ev litter,0.000997009
2021,2,F10,8,Ev litter,0.013513514
2021,2,F10,1,Car big,0
2021,2,F10,2,Car big,0
2021,2,F10,3,Car big,0
2021,2,F10,4,Car big,0.015313936
2021,2,F10,5,Car big,0.001097695
2021,2,F10,6,Car big,0
2021,2,F10,7,Car big,0
2021,2,F10,8,Car big,0
2021,2,F10,1,Grass ex.,0.101265823
2021,2,F10,2,Grass ex.,0.13253012
2021,2,F10,3,Grass ex.,0.154577883
2021,2,F10,4,Grass ex.,0.260336907
2021,2,F10,5,Grass ex.,0.043907794
2021,2,F10,6,Grass ex.,0.021008403
2021,2,F10,7,Grass ex.,0
2021,2,F10,8,Grass ex.,0.054054054
2021,2,F10,1,Bet nan,0.632911392
2021,2,F10,2,Bet nan,0.493975904
2021,2,F10,3,Bet nan,0.689655172
2021,2,F10,4,Bet nan,0.56661562
2021,2,F10,5,Bet nan,0.592755214
2021,2,F10,6,Bet nan,0.840336134
2021,2,F10,7,Bet nan,0.279162512
2021,2,F10,8,Bet nan,0.608108108
2021,2,F10,1,Dead Bet,0.012658228
2021,2,F10,2,Dead Bet,0.012048193
2021,2,F10,3,Dead Bet,0.001189061
2021,2,F10,4,Dead Bet,0.015313936
2021,2,F10,5,Dead Bet,0.021953897
2021,2,F10,6,Dead Bet,0.031512605
2021,2,F10,7,Dead Bet,0.019940179
2021,2,F10,8,Dead Bet,0.013513514
2021,2,F10,1,Sal pul,0
2021,2,F10,2,Sal pul,0
2021,2,F10,3,Sal pul,0
2021,2,F10,4,Sal pul,0
2021,2,F10,5,Sal pul,0
2021,2,F10,6,Sal pul,0
2021,2,F10,7,Sal pul,0
2021,2,F10,8,Sal pul,0
2021,2,F10,1,Sal ret,0
2021,2,F10,2,Sal ret,0
2021,2,F10,3,Sal ret,0
2021,2,F10,4,Sal ret,0
2021,2,F10,5,Sal ret,0
2021,2,F10,6,Sal ret,0
2021,2,F10,7,Sal ret,0
2021,2,F10,8,Sal ret,0
2021,2,F10,1,Arc alp,0
2021,2,F10,2,Arc alp,0
2021,2,F10,3,Arc alp,0
2021,2,F10,4,Arc alp,0
2021,2,F10,5,Arc alp,0
2021,2,F10,6,Arc alp,0
2021,2,F10,7,Arc alp,0
2021,2,F10,8,Arc alp,0
2021,2,F10,1,Vac uli,0
2021,2,F10,2,Vac uli,0
2021,2,F10,3,Vac uli,0
2021,2,F10,4,Vac uli,0
2021,2,F10,5,Vac uli,0
2021,2,F10,6,Vac uli,0
2021,2,F10,7,Vac uli,0
2021,2,F10,8,Vac uli,0
2021,2,F10,1,Rub cha,0.240506329
2021,2,F10,2,Rub cha,0.192771084
2021,2,F10,3,Rub cha,0.095124851
2021,2,F10,4,Rub cha,0.091883614
2021,2,F10,5,Rub cha,0.241492865
2021,2,F10,6,Rub cha,0.105042017
2021,2,F10,7,Rub cha,0.618145563
2021,2,F10,8,Rub cha,0.162162162
2021,2,F10,1,Pet fri,0
2021,2,F10,2,Pet fri,0
2021,2,F10,3,Pet fri,0
2021,2,F10,4,Pet fri,0
2021,2,F10,5,Pet fri,0
2021,2,F10,6,Pet fri,0
2021,2,F10,7,Pet fri,0
2021,2,F10,8,Pet fri,0
2021,2,F10,1,Pol bis,0
2021,2,F10,2,Pol bis,0
2021,2,F10,3,Pol bis,0
2021,2,F10,4,Pol bis,0
2021,2,F10,5,Pol bis,0
2021,2,F10,6,Pol bis,0
2021,2,F10,7,Pol bis,0
2021,2,F10,8,Pol bis,0
2021,2,F10,1,Led pal,0
2021,2,F10,2,Led pal,0
2021,2,F10,3,Led pal,0.011890606
2021,2,F10,4,Led pal,0.001531394
2021,2,F10,5,Led pal,0.010976948
2021,2,F10,6,Led pal,0.00105042
2021,2,F10,7,Led pal,0.019940179
2021,2,F10,8,Led pal,0.108108108
2021,2,F10,1,Cas tet,0
2021,2,F10,2,Cas tet,0
2021,2,F10,3,Cas tet,0
2021,2,F10,4,Cas tet,0
2021,2,F10,5,Cas tet,0
2021,2,F10,6,Cas tet,0
2021,2,F10,7,Cas tet,0
2021,2,F10,8,Cas tet,0
2021,2,F10,1,Vac vit,0
2021,2,F10,2,Vac vit,0
2021,2,F10,3,Vac vit,0
2021,2,F10,4,Vac vit,0
2021,2,F10,5,Vac vit,0
2021,2,F10,6,Vac vit,0
2021,2,F10,7,Vac vit,0
2021,2,F10,8,Vac vit,0
2021,2,F10,1,Emp nig,0
2021,2,F10,2,Emp nig,0
2021,2,F10,3,Emp nig,0
2021,2,F10,4,Emp nig,0
2021,2,F10,5,Emp nig,0
2021,2,F10,6,Emp nig,0
2021,2,F10,7,Emp nig,0
2021,2,F10,8,Emp nig,0
2021,2,F10,1,Ped lap,0
2021,2,F10,2,Ped lap,0
2021,2,F10,3,Ped lap,0
2021,2,F10,4,Ped lap,0
2021,2,F10,5,Ped lap,0
2021,2,F10,6,Ped lap,0
2021,2,F10,7,Ped lap,0
2021,2,F10,8,Ped lap,0
2021,2,F10,1,And pol,0
2021,2,F10,2,And pol,0
2021,2,F10,3,And pol,0
2021,2,F10,4,And pol,0
2021,2,F10,5,And pol,0
2021,2,F10,6,And pol,0
2021,2,F10,7,And pol,0
2021,2,F10,8,And pol,0
2021,2,F10,1,Dead Evrg,0
2021,2,F10,2,Dead Evrg,0
2021,2,F10,3,Dead Evrg,0
2021,2,F10,4,Dead Evrg,0
2021,2,F10,5,Dead Evrg,0
2021,2,F10,6,Dead Evrg,0
2021,2,F10,7,Dead Evrg,0.000997009
2021,2,F10,8,Dead Evrg,0.013513514
2021,2,F10,1,Moss,0
2021,2,F10,2,Moss,0.024096386
2021,2,F10,3,Moss,0
2021,2,F10,4,Moss,0
2021,2,F10,5,Moss,0
2021,2,F10,6,Moss,0
2021,2,F10,7,Moss,0
2021,2,F10,8,Moss,0
2021,2,F10,1,Lichen ,0
2021,2,F10,2,Lichen ,0
2021,2,F10,3,Lichen,0
2021,2,F10,4,Lichen,0
2021,2,F10,5,Lichen,0
2021,2,F10,6,Lichen,0
2021,2,F10,7,Lichen,0
2021,2,F10,8,Lichen,0
2021,2,F10,1,Litter,0
2021,2,F10,2,Litter,0.036144578
2021,2,F10,3,Litter,0.011890606
2021,2,F10,4,Litter,0.001531394
2021,2,F10,5,Litter,0.043907794
2021,2,F10,6,Litter,0
2021,2,F10,7,Litter,0.000997009
2021,2,F10,8,Litter,0.013513514
2021,2,F10,1,Fr boil,0
2021,2,F10,2,Fr boil,0
2021,2,F10,3,Fr boil,0
2021,2,F10,4,Fr boil,0
2021,2,F10,5,Fr boil,0
2021,2,F10,6,Fr boil,0
2021,2,F10,7,Fr boil,0
2021,2,F10,8,Fr boil,0
2021,2,F10,1,bare ,0
2021,2,F10,2,bare ,0
2021,2,F10,3,bare ,0
2021,2,F10,4,bare ,0
2021,2,F10,5,bare ,0
2021,2,F10,6,bare ,0.00105042
2021,2,F10,7,bare ,0
2021,2,F10,8,bare ,0
2021,3,CT,1,Eri vag,0.120845921
2021,3,CT,2,Eri vag,0.056689342
2021,3,CT,3,Eri vag,0.171821306
2021,3,CT,4,Eri vag,0.094007051
2021,3,CT,5,Eri vag,0.059288538
2021,3,CT,6,Eri vag,0.011695906
2021,3,CT,7,Eri vag,0.045941807
2021,3,CT,8,Eri vag,0.168393782
2021,3,CT,1,Ev litter,0.070493454
2021,3,CT,2,Ev litter,0.022675737
2021,3,CT,3,Ev litter,0.137457045
2021,3,CT,4,Ev litter,0.047003525
2021,3,CT,5,Ev litter,0.019762846
2021,3,CT,6,Ev litter,0.001169591
2021,3,CT,7,Ev litter,0.030627871
2021,3,CT,8,Ev litter,0.051813472
2021,3,CT,1,Car big,0.100704935
2021,3,CT,2,Car big,0.14739229
2021,3,CT,3,Car big,0.034364261
2021,3,CT,4,Car big,0.082256169
2021,3,CT,5,Car big,0.158102767
2021,3,CT,6,Car big,0.023391813
2021,3,CT,7,Car big,0.10719755
2021,3,CT,8,Car big,0.077720207
2021,3,CT,1,Grass ex.,0
2021,3,CT,2,Grass ex.,0
2021,3,CT,3,Grass ex.,0
2021,3,CT,4,Grass ex.,0
2021,3,CT,5,Grass ex.,0
2021,3,CT,6,Grass ex.,0
2021,3,CT,7,Grass ex.,0
2021,3,CT,8,Grass ex.,0
2021,3,CT,1,Bet nan,0.050352467
2021,3,CT,2,Bet nan,0.192743764
2021,3,CT,3,Bet nan,0.263459336
2021,3,CT,4,Bet nan,0.141010576
2021,3,CT,5,Bet nan,0.16798419
2021,3,CT,6,Bet nan,0.456140351
2021,3,CT,7,Bet nan,0.061255743
2021,3,CT,8,Bet nan,0.116580311
2021,3,CT,1,Dead Bet,0.040281974
2021,3,CT,2,Dead Bet,0.045351474
2021,3,CT,3,Dead Bet,0.022909507
2021,3,CT,4,Dead Bet,0.047003525
2021,3,CT,5,Dead Bet,0.000988142
2021,3,CT,6,Dead Bet,0.011695906
2021,3,CT,7,Dead Bet,0.001531394
2021,3,CT,8,Dead Bet,0.012953368
2021,3,CT,1,Sal pul,0.060422961
2021,3,CT,2,Sal pul,0.022675737
2021,3,CT,3,Sal pul,0.011454754
2021,3,CT,4,Sal pul,0
2021,3,CT,5,Sal pul,0.009881423
2021,3,CT,6,Sal pul,0.035087719
2021,3,CT,7,Sal pul,0.030627871
2021,3,CT,8,Sal pul,0.025906736
2021,3,CT,1,Sal ret,0
2021,3,CT,2,Sal ret,0
2021,3,CT,3,Sal ret,0
2021,3,CT,4,Sal ret,0
2021,3,CT,5,Sal ret,0
2021,3,CT,6,Sal ret,0
2021,3,CT,7,Sal ret,0
2021,3,CT,8,Sal ret,0
2021,3,CT,1,Arc alp,0
2021,3,CT,2,Arc alp,0
2021,3,CT,3,Arc alp,0
2021,3,CT,4,Arc alp,0
2021,3,CT,5,Arc alp,0
2021,3,CT,6,Arc alp,0
2021,3,CT,7,Arc alp,0
2021,3,CT,8,Arc alp,0
2021,3,CT,1,Vac uli,0
2021,3,CT,2,Vac uli,0.011337868
2021,3,CT,3,Vac uli,0.011454754
2021,3,CT,4,Vac uli,0
2021,3,CT,5,Vac uli,0.098814229
2021,3,CT,6,Vac uli,0.035087719
2021,3,CT,7,Vac uli,0.168453292
2021,3,CT,8,Vac uli,0.090673575
2021,3,CT,1,Rub cha,0
2021,3,CT,2,Rub cha,0
2021,3,CT,3,Rub cha,0
2021,3,CT,4,Rub cha,0
2021,3,CT,5,Rub cha,0
2021,3,CT,6,Rub cha,0
2021,3,CT,7,Rub cha,0
2021,3,CT,8,Rub cha,0
2021,3,CT,1,Pet fri,0
2021,3,CT,2,Pet fri,0.001133787
2021,3,CT,3,Pet fri,0
2021,3,CT,4,Pet fri,0.023501763
2021,3,CT,5,Pet fri,0.019762846
2021,3,CT,6,Pet fri,0.011695906
2021,3,CT,7,Pet fri,0.015313936
2021,3,CT,8,Pet fri,0.025906736
2021,3,CT,1,Pol bis,0.001007049
2021,3,CT,2,Pol bis,0.001133787
2021,3,CT,3,Pol bis,0.001145475
2021,3,CT,4,Pol bis,0.001175088
2021,3,CT,5,Pol bis,0.009881423
2021,3,CT,6,Pol bis,0.001169591
2021,3,CT,7,Pol bis,0.015313936
2021,3,CT,8,Pol bis,0.012953368
2021,3,CT,1,Led pal,0.060422961
2021,3,CT,2,Led pal,0.045351474
2021,3,CT,3,Led pal,0.068728522
2021,3,CT,4,Led pal,0.129259694
2021,3,CT,5,Led pal,0.029644269
2021,3,CT,6,Led pal,0.140350877
2021,3,CT,7,Led pal,0.076569678
2021,3,CT,8,Led pal,0.064766839
2021,3,CT,1,Cas tet,0.110775428
2021,3,CT,2,Cas tet,0.056689342
2021,3,CT,3,Cas tet,0.022909507
2021,3,CT,4,Cas tet,0.070505288
2021,3,CT,5,Cas tet,0
2021,3,CT,6,Cas tet,0.001169591
2021,3,CT,7,Cas tet,0.061255743
2021,3,CT,8,Cas tet,0.051813472
2021,3,CT,1,Vac vit,0.020140987
2021,3,CT,2,Vac vit,0.113378685
2021,3,CT,3,Vac vit,0.022909507
2021,3,CT,4,Vac vit,0.058754407
2021,3,CT,5,Vac vit,0.06916996
2021,3,CT,6,Vac vit,0.070175439
2021,3,CT,7,Vac vit,0.076569678
2021,3,CT,8,Vac vit,0.025906736
2021,3,CT,1,Emp nig,0.020140987
2021,3,CT,2,Emp nig,0.022675737
2021,3,CT,3,Emp nig,0
2021,3,CT,4,Emp nig,0
2021,3,CT,5,Emp nig,0.009881423
2021,3,CT,6,Emp nig,0.023391813
2021,3,CT,7,Emp nig,0.015313936
2021,3,CT,8,Emp nig,0.012953368
2021,3,CT,1,Ped lap,0.001007049
2021,3,CT,2,Ped lap,0
2021,3,CT,3,Ped lap,0.001145475
2021,3,CT,4,Ped lap,0.035252644
2021,3,CT,5,Ped lap,0.000988142
2021,3,CT,6,Ped lap,0.001169591
2021,3,CT,7,Ped lap,0.001531394
2021,3,CT,8,Ped lap,0.001295337
2021,3,CT,1,And pol,0
2021,3,CT,2,And pol,0
2021,3,CT,3,And pol,0
2021,3,CT,4,And pol,0
2021,3,CT,5,And pol,0
2021,3,CT,6,And pol,0
2021,3,CT,7,And pol,0
2021,3,CT,8,And pol,0
2021,3,CT,1,Dead Evrg,0.001007049
2021,3,CT,2,Dead Evrg,0.011337868
2021,3,CT,3,Dead Evrg,0.001145475
2021,3,CT,4,Dead Evrg,0.011750881
2021,3,CT,5,Dead Evrg,0
2021,3,CT,6,Dead Evrg,0.001169591
2021,3,CT,7,Dead Evrg,0.001531394
2021,3,CT,8,Dead Evrg,0.001295337
2021,3,CT,1,Moss,0.110775428
2021,3,CT,2,Moss,0.056689342
2021,3,CT,3,Moss,0.103092784
2021,3,CT,4,Moss,0.082256169
2021,3,CT,5,Moss,0.148221344
2021,3,CT,6,Moss,0.070175439
2021,3,CT,7,Moss,0.045941807
2021,3,CT,8,Moss,0.103626943
2021,3,CT,1,Lichen ,0.060422961
2021,3,CT,2,Lichen ,0.011337868
2021,3,CT,3,Lichen,0.09163803
2021,3,CT,4,Lichen,0.035252644
2021,3,CT,5,Lichen,0.009881423
2021,3,CT,6,Lichen,0.011695906
2021,3,CT,7,Lichen,0.030627871
2021,3,CT,8,Lichen,0.077720207
2021,3,CT,1,Litter,0.171198389
2021,3,CT,2,Litter,0.181405896
2021,3,CT,3,Litter,0.034364261
2021,3,CT,4,Litter,0.094007051
2021,3,CT,5,Litter,0.187747036
2021,3,CT,6,Litter,0.093567251
2021,3,CT,7,Litter,0.2143951
2021,3,CT,8,Litter,0.077720207
2021,3,CT,1,Fr boil,0
2021,3,CT,2,Fr boil,0
2021,3,CT,3,Fr boil,0
2021,3,CT,4,Fr boil,0
2021,3,CT,5,Fr boil,0
2021,3,CT,6,Fr boil,0
2021,3,CT,7,Fr boil,0
2021,3,CT,8,Fr boil,0
2021,3,CT,1,bare ,0
2021,3,CT,2,bare ,0
2021,3,CT,3,bare ,0
2021,3,CT,4,bare ,0.047003525
2021,3,CT,5,bare ,0
2021,3,CT,6,bare ,0
2021,3,CT,7,bare ,0
2021,3,CT,8,bare ,0
2021,3,F2,1,Eri vag,0.000983284
2021,3,F2,2,Eri vag,0.000968054
2021,3,F2,3,Eri vag,0
2021,3,F2,4,Eri vag,0
2021,3,F2,5,Eri vag,0.066079295
2021,3,F2,6,Eri vag,0
2021,3,F2,7,Eri vag,0.021621622
2021,3,F2,8,Eri vag,0.063291139
2021,3,F2,1,Ev litter,0
2021,3,F2,2,Ev litter,0.019361084
2021,3,F2,3,Ev litter,0
2021,3,F2,4,Ev litter,0
2021,3,F2,5,Ev litter,0.044052863
2021,3,F2,6,Ev litter,0
2021,3,F2,7,Ev litter,0.032432432
2021,3,F2,8,Ev litter,0.050632911
2021,3,F2,1,Car big,0.088495575
2021,3,F2,2,Car big,0.058083253
2021,3,F2,3,Car big,0.039840637
2021,3,F2,4,Car big,0.018621974
2021,3,F2,5,Car big,0.033039648
2021,3,F2,6,Car big,0.034364261
2021,3,F2,7,Car big,0.043243243
2021,3,F2,8,Car big,0.037974684
2021,3,F2,1,Grass ex.,0.009832842
2021,3,F2,2,Grass ex.,0.029041626
2021,3,F2,3,Grass ex.,0.039840637
2021,3,F2,4,Grass ex.,0.065176909
2021,3,F2,5,Grass ex.,0.066079295
2021,3,F2,6,Grass ex.,0.045819015
2021,3,F2,7,Grass ex.,0.043243243
2021,3,F2,8,Grass ex.,0.012658228
2021,3,F2,1,Bet nan,0.412979351
2021,3,F2,2,Bet nan,0.232333011
2021,3,F2,3,Bet nan,0.139442231
2021,3,F2,4,Bet nan,0.325884544
2021,3,F2,5,Bet nan,0.308370044
2021,3,F2,6,Bet nan,0.378006873
2021,3,F2,7,Bet nan,0.248648649
2021,3,F2,8,Bet nan,0.189873418
2021,3,F2,1,Dead Bet,0.000983284
2021,3,F2,2,Dead Bet,0.009680542
2021,3,F2,3,Dead Bet,0
2021,3,F2,4,Dead Bet,0.009310987
2021,3,F2,5,Dead Bet,0.001101322
2021,3,F2,6,Dead Bet,0.011454754
2021,3,F2,7,Dead Bet,0.001081081
2021,3,F2,8,Dead Bet,0.001265823
2021,3,F2,1,Sal pul,0.019665683
2021,3,F2,2,Sal pul,0.154888674
2021,3,F2,3,Sal pul,0.039840637
2021,3,F2,4,Sal pul,0.046554935
2021,3,F2,5,Sal pul,0.022026432
2021,3,F2,6,Sal pul,0.022909507
2021,3,F2,7,Sal pul,0.010810811
2021,3,F2,8,Sal pul,0.025316456
2021,3,F2,1,Sal ret,0
2021,3,F2,2,Sal ret,0
2021,3,F2,3,Sal ret,0
2021,3,F2,4,Sal ret,0
2021,3,F2,5,Sal ret,0
2021,3,F2,6,Sal ret,0
2021,3,F2,7,Sal ret,0
2021,3,F2,8,Sal ret,0
2021,3,F2,1,Arc alp,0
2021,3,F2,2,Arc alp,0.029041626
2021,3,F2,3,Arc alp,0.179282869
2021,3,F2,4,Arc alp,0.083798883
2021,3,F2,5,Arc alp,0
2021,3,F2,6,Arc alp,0
2021,3,F2,7,Arc alp,0
2021,3,F2,8,Arc alp,0.001265823
2021,3,F2,1,Vac uli,0.000983284
2021,3,F2,2,Vac uli,0.019361084
2021,3,F2,3,Vac uli,0.039840637
2021,3,F2,4,Vac uli,0.018621974
2021,3,F2,5,Vac uli,0.001101322
2021,3,F2,6,Vac uli,0.022909507
2021,3,F2,7,Vac uli,0
2021,3,F2,8,Vac uli,0.001265823
2021,3,F2,1,Rub cha,0
2021,3,F2,2,Rub cha,0
2021,3,F2,3,Rub cha,0.009960159
2021,3,F2,4,Rub cha,0.027932961
2021,3,F2,5,Rub cha,0.011013216
2021,3,F2,6,Rub cha,0.057273769
2021,3,F2,7,Rub cha,0.086486486
2021,3,F2,8,Rub cha,0.17721519
2021,3,F2,1,Pet fri,0
2021,3,F2,2,Pet fri,0
2021,3,F2,3,Pet fri,0
2021,3,F2,4,Pet fri,0
2021,3,F2,5,Pet fri,0
2021,3,F2,6,Pet fri,0
2021,3,F2,7,Pet fri,0
2021,3,F2,8,Pet fri,0
2021,3,F2,1,Pol bis,0.000983284
2021,3,F2,2,Pol bis,0
2021,3,F2,3,Pol bis,0.000996016
2021,3,F2,4,Pol bis,0.000931099
2021,3,F2,5,Pol bis,0.001101322
2021,3,F2,6,Pol bis,0
2021,3,F2,7,Pol bis,0
2021,3,F2,8,Pol bis,0.001265823
2021,3,F2,1,Led pal,0.314650934
2021,3,F2,2,Led pal,0.164569216
2021,3,F2,3,Led pal,0.219123506
2021,3,F2,4,Led pal,0.148975791
2021,3,F2,5,Led pal,0.165198238
2021,3,F2,6,Led pal,0.229095074
2021,3,F2,7,Led pal,0.227027027
2021,3,F2,8,Led pal,0.291139241
2021,3,F2,1,Cas tet,0.000983284
2021,3,F2,2,Cas tet,0.067763795
2021,3,F2,3,Cas tet,0.000996016
2021,3,F2,4,Cas tet,0.000931099
2021,3,F2,5,Cas tet,0.001101322
2021,3,F2,6,Cas tet,0.011454754
2021,3,F2,7,Cas tet,0.064864865
2021,3,F2,8,Cas tet,0.001265823
2021,3,F2,1,Vac vit,0.029498525
2021,3,F2,2,Vac vit,0.077444337
2021,3,F2,3,Vac vit,0.069721116
2021,3,F2,4,Vac vit,0.046554935
2021,3,F2,5,Vac vit,0.077092511
2021,3,F2,6,Vac vit,0.057273769
2021,3,F2,7,Vac vit,0.064864865
2021,3,F2,8,Vac vit,0.037974684
2021,3,F2,1,Emp nig,0.009832842
2021,3,F2,2,Emp nig,0.000968054
2021,3,F2,3,Emp nig,0
2021,3,F2,4,Emp nig,0.000931099
2021,3,F2,5,Emp nig,0.001101322
2021,3,F2,6,Emp nig,0.001145475
2021,3,F2,7,Emp nig,0.001081081
2021,3,F2,8,Emp nig,0.001265823
2021,3,F2,1,Ped lap,0
2021,3,F2,2,Ped lap,0.000968054
2021,3,F2,3,Ped lap,0.000996016
2021,3,F2,4,Ped lap,0
2021,3,F2,5,Ped lap,0.001101322
2021,3,F2,6,Ped lap,0.001145475
2021,3,F2,7,Ped lap,0.001081081
2021,3,F2,8,Ped lap,0.001265823
2021,3,F2,1,And pol,0
2021,3,F2,2,And pol,0
2021,3,F2,3,And pol,0.000996016
2021,3,F2,4,And pol,0
2021,3,F2,5,And pol,0
2021,3,F2,6,And pol,0
2021,3,F2,7,And pol,0
2021,3,F2,8,And pol,0.001265823
2021,3,F2,1,Dead Evrg,0.000983284
2021,3,F2,2,Dead Evrg,0.019361084
2021,3,F2,3,Dead Evrg,0.009960159
2021,3,F2,4,Dead Evrg,0.000931099
2021,3,F2,5,Dead Evrg,0.001101322
2021,3,F2,6,Dead Evrg,0.011454754
2021,3,F2,7,Dead Evrg,0.001081081
2021,3,F2,8,Dead Evrg,0.025316456
2021,3,F2,1,Moss,0
2021,3,F2,2,Moss,0.058083253
2021,3,F2,3,Moss,0.029880478
2021,3,F2,4,Moss,0.102420857
2021,3,F2,5,Moss,0.044052863
2021,3,F2,6,Moss,0.011454754
2021,3,F2,7,Moss,0.010810811
2021,3,F2,8,Moss,0.025316456
2021,3,F2,1,Lichen ,0.000983284
2021,3,F2,2,Lichen ,0.019361084
2021,3,F2,3,Lichen,0.029880478
2021,3,F2,4,Lichen,0.018621974
2021,3,F2,5,Lichen,0.001101322
2021,3,F2,6,Lichen,0.001145475
2021,3,F2,7,Lichen,0.001081081
2021,3,F2,8,Lichen,0.001265823
2021,3,F2,1,Litter,0.108161259
2021,3,F2,2,Litter,0.038722168
2021,3,F2,3,Litter,0.14940239
2021,3,F2,4,Litter,0.083798883
2021,3,F2,5,Litter,0.154185022
2021,3,F2,6,Litter,0.103092784
2021,3,F2,7,Litter,0.140540541
2021,3,F2,8,Litter,0.050632911
2021,3,F2,1,Fr boil,0
2021,3,F2,2,Fr boil,0
2021,3,F2,3,Fr boil,0
2021,3,F2,4,Fr boil,0
2021,3,F2,5,Fr boil,0
2021,3,F2,6,Fr boil,0
2021,3,F2,7,Fr boil,0
2021,3,F2,8,Fr boil,0
2021,3,F2,1,bare ,0
2021,3,F2,2,bare ,0
2021,3,F2,3,bare ,0
2021,3,F2,4,bare ,0
2021,3,F2,5,bare ,0
2021,3,F2,6,bare ,0
2021,3,F2,7,bare ,0
2021,3,F2,8,bare ,0.001265823
2021,3,F5,1,Eri vag,0
2021,3,F5,2,Eri vag,0
2021,3,F5,3,Eri vag,0
2021,3,F5,4,Eri vag,0.010810811
2021,3,F5,5,Eri vag,0.001091703
2021,3,F5,6,Eri vag,0.031479538
2021,3,F5,7,Eri vag,0.062305296
2021,3,F5,8,Eri vag,0.031779661
2021,3,F5,1,Ev litter,0
2021,3,F5,2,Ev litter,0
2021,3,F5,3,Ev litter,0
2021,3,F5,4,Ev litter,0.001081081
2021,3,F5,5,Ev litter,0.001091703
2021,3,F5,6,Ev litter,0.020986359
2021,3,F5,7,Ev litter,0.062305296
2021,3,F5,8,Ev litter,0.063559322
2021,3,F5,1,Car big,0
2021,3,F5,2,Car big,0.021905805
2021,3,F5,3,Car big,0
2021,3,F5,4,Car big,0
2021,3,F5,5,Car big,0
2021,3,F5,6,Car big,0.020986359
2021,3,F5,7,Car big,0
2021,3,F5,8,Car big,0
2021,3,F5,1,Grass ex.,0.355113636
2021,3,F5,2,Grass ex.,0.120481928
2021,3,F5,3,Grass ex.,0.190369541
2021,3,F5,4,Grass ex.,0.140540541
2021,3,F5,5,Grass ex.,0.087336245
2021,3,F5,6,Grass ex.,0.094438615
2021,3,F5,7,Grass ex.,0.124610592
2021,3,F5,8,Grass ex.,0.137711864
2021,3,F5,1,Bet nan,0.241477273
2021,3,F5,2,Bet nan,0.164293538
2021,3,F5,3,Bet nan,0.39193729
2021,3,F5,4,Bet nan,0.216216216
2021,3,F5,5,Bet nan,0.262008734
2021,3,F5,6,Bet nan,0.514165792
2021,3,F5,7,Bet nan,0.436137072
2021,3,F5,8,Bet nan,0.487288136
2021,3,F5,1,Dead Bet,0.042613636
2021,3,F5,2,Dead Bet,0.021905805
2021,3,F5,3,Dead Bet,0.033594625
2021,3,F5,4,Dead Bet,0.054054054
2021,3,F5,5,Dead Bet,0.141921397
2021,3,F5,6,Dead Bet,0.094438615
2021,3,F5,7,Dead Bet,0.015576324
2021,3,F5,8,Dead Bet,0.063559322
2021,3,F5,1,Sal pul,0.028409091
2021,3,F5,2,Sal pul,0.021905805
2021,3,F5,3,Sal pul,0.011198208
2021,3,F5,4,Sal pul,0.010810811
2021,3,F5,5,Sal pul,0.010917031
2021,3,F5,6,Sal pul,0
2021,3,F5,7,Sal pul,0.031152648
2021,3,F5,8,Sal pul,0
2021,3,F5,1,Sal ret,0
2021,3,F5,2,Sal ret,0
2021,3,F5,3,Sal ret,0
2021,3,F5,4,Sal ret,0
2021,3,F5,5,Sal ret,0
2021,3,F5,6,Sal ret,0
2021,3,F5,7,Sal ret,0
2021,3,F5,8,Sal ret,0
2021,3,F5,1,Arc alp,0
2021,3,F5,2,Arc alp,0
2021,3,F5,3,Arc alp,0
2021,3,F5,4,Arc alp,0
2021,3,F5,5,Arc alp,0
2021,3,F5,6,Arc alp,0
2021,3,F5,7,Arc alp,0
2021,3,F5,8,Arc alp,0
2021,3,F5,1,Vac uli,0.001420455
2021,3,F5,2,Vac uli,0.00109529
2021,3,F5,3,Vac uli,0
2021,3,F5,4,Vac uli,0.001081081
2021,3,F5,5,Vac uli,0
2021,3,F5,6,Vac uli,0.001049318
2021,3,F5,7,Vac uli,0
2021,3,F5,8,Vac uli,0.001059322
2021,3,F5,1,Rub cha,0
2021,3,F5,2,Rub cha,0
2021,3,F5,3,Rub cha,0
2021,3,F5,4,Rub cha,0
2021,3,F5,5,Rub cha,0
2021,3,F5,6,Rub cha,0
2021,3,F5,7,Rub cha,0
2021,3,F5,8,Rub cha,0
2021,3,F5,1,Pet fri,0.056818182
2021,3,F5,2,Pet fri,0.328587076
2021,3,F5,3,Pet fri,0.111982083
2021,3,F5,4,Pet fri,0.345945946
2021,3,F5,5,Pet fri,0.349344978
2021,3,F5,6,Pet fri,0.020986359
2021,3,F5,7,Pet fri,0.015576324
2021,3,F5,8,Pet fri,0.01059322
2021,3,F5,1,Pol bis,0.001420455
2021,3,F5,2,Pol bis,0.032858708
2021,3,F5,3,Pol bis,0.001119821
2021,3,F5,4,Pol bis,0.001081081
2021,3,F5,5,Pol bis,0.001091703
2021,3,F5,6,Pol bis,0.031479538
2021,3,F5,7,Pol bis,0.015576324
2021,3,F5,8,Pol bis,0.01059322
2021,3,F5,1,Led pal,0.113636364
2021,3,F5,2,Led pal,0.153340635
2021,3,F5,3,Led pal,0.190369541
2021,3,F5,4,Led pal,0.151351351
2021,3,F5,5,Led pal,0.087336245
2021,3,F5,6,Led pal,0.136411333
2021,3,F5,7,Led pal,0.109034268
2021,3,F5,8,Led pal,0.116525424
2021,3,F5,1,Cas tet,0
2021,3,F5,2,Cas tet,0
2021,3,F5,3,Cas tet,0
2021,3,F5,4,Cas tet,0
2021,3,F5,5,Cas tet,0.001091703
2021,3,F5,6,Cas tet,0
2021,3,F5,7,Cas tet,0
2021,3,F5,8,Cas tet,0
2021,3,F5,1,Vac vit,0.014204545
2021,3,F5,2,Vac vit,0.010952903
2021,3,F5,3,Vac vit,0.011198208
2021,3,F5,4,Vac vit,0.010810811
2021,3,F5,5,Vac vit,0.010917031
2021,3,F5,6,Vac vit,0.001049318
2021,3,F5,7,Vac vit,0.015576324
2021,3,F5,8,Vac vit,0.021186441
2021,3,F5,1,Emp nig,0
2021,3,F5,2,Emp nig,0
2021,3,F5,3,Emp nig,0
2021,3,F5,4,Emp nig,0
2021,3,F5,5,Emp nig,0
2021,3,F5,6,Emp nig,0
2021,3,F5,7,Emp nig,0
2021,3,F5,8,Emp nig,0
2021,3,F5,1,Ped lap,0
2021,3,F5,2,Ped lap,0
2021,3,F5,3,Ped lap,0
2021,3,F5,4,Ped lap,0
2021,3,F5,5,Ped lap,0
2021,3,F5,6,Ped lap,0
2021,3,F5,7,Ped lap,0
2021,3,F5,8,Ped lap,0
2021,3,F5,1,And pol,0
2021,3,F5,2,And pol,0
2021,3,F5,3,And pol,0
2021,3,F5,4,And pol,0
2021,3,F5,5,And pol,0
2021,3,F5,6,And pol,0
2021,3,F5,7,And pol,0.001557632
2021,3,F5,8,And pol,0.001059322
2021,3,F5,1,Dead Evrg,0.001420455
2021,3,F5,2,Dead Evrg,0.010952903
2021,3,F5,3,Dead Evrg,0.001119821
2021,3,F5,4,Dead Evrg,0.001081081
2021,3,F5,5,Dead Evrg,0.001091703
2021,3,F5,6,Dead Evrg,0.001049318
2021,3,F5,7,Dead Evrg,0.001557632
2021,3,F5,8,Dead Evrg,0.001059322
2021,3,F5,1,Moss,0
2021,3,F5,2,Moss,0.010952903
2021,3,F5,3,Moss,0
2021,3,F5,4,Moss,0
2021,3,F5,5,Moss,0
2021,3,F5,6,Moss,0
2021,3,F5,7,Moss,0
2021,3,F5,8,Moss,0.01059322
2021,3,F5,1,Lichen ,0
2021,3,F5,2,Lichen ,0.00109529
2021,3,F5,3,Lichen,0
2021,3,F5,4,Lichen,0
2021,3,F5,5,Lichen,0.001091703
2021,3,F5,6,Lichen,0
2021,3,F5,7,Lichen,0
2021,3,F5,8,Lichen,0.001059322
2021,3,F5,1,Litter,0.142045455
2021,3,F5,2,Litter,0.098576123
2021,3,F5,3,Litter,0.055991041
2021,3,F5,4,Litter,0.054054054
2021,3,F5,5,Litter,0.043668122
2021,3,F5,6,Litter,0.031479538
2021,3,F5,7,Litter,0.093457944
2021,3,F5,8,Litter,0.031779661
2021,3,F5,1,Fr boil,0
2021,3,F5,2,Fr boil,0
2021,3,F5,3,Fr boil,0
2021,3,F5,4,Fr boil,0
2021,3,F5,5,Fr boil,0
2021,3,F5,6,Fr boil,0
2021,3,F5,7,Fr boil,0
2021,3,F5,8,Fr boil,0
2021,3,F5,1,bare ,0.001420455
2021,3,F5,2,bare ,0.00109529
2021,3,F5,3,bare ,0.001119821
2021,3,F5,4,bare ,0.001081081
2021,3,F5,5,bare ,0
2021,3,F5,6,bare ,0
2021,3,F5,7,bare ,0.015576324
2021,3,F5,8,bare ,0.01059322
2021,3,F10,1,Eri vag,0
2021,3,F10,2,Eri vag,0
2021,3,F10,3,Eri vag,0
2021,3,F10,4,Eri vag,0
2021,3,F10,5,Eri vag,0
2021,3,F10,6,Eri vag,0.00101626
2021,3,F10,7,Eri vag,0
2021,3,F10,8,Eri vag,0.000880282
2021,3,F10,1,Ev litter,0
2021,3,F10,2,Ev litter,0
2021,3,F10,3,Ev litter,0
2021,3,F10,4,Ev litter,0
2021,3,F10,5,Ev litter,0
2021,3,F10,6,Ev litter,0
2021,3,F10,7,Ev litter,0
2021,3,F10,8,Ev litter,0.017605634
2021,3,F10,1,Car big,0
2021,3,F10,2,Car big,0
2021,3,F10,3,Car big,0
2021,3,F10,4,Car big,0
2021,3,F10,5,Car big,0
2021,3,F10,6,Car big,0
2021,3,F10,7,Car big,0
2021,3,F10,8,Car big,0
2021,3,F10,1,Grass ex.,0.240673887
2021,3,F10,2,Grass ex.,0.162601626
2021,3,F10,3,Grass ex.,0.145903479
2021,3,F10,4,Grass ex.,0.033670034
2021,3,F10,5,Grass ex.,0
2021,3,F10,6,Grass ex.,0
2021,3,F10,7,Grass ex.,0
2021,3,F10,8,Grass ex.,0
2021,3,F10,1,Bet nan,0.252707581
2021,3,F10,2,Bet nan,0.278745645
2021,3,F10,3,Bet nan,0.572390572
2021,3,F10,4,Bet nan,0.673400673
2021,3,F10,5,Bet nan,0.743639922
2021,3,F10,6,Bet nan,0.853658537
2021,3,F10,7,Bet nan,0.806916427
2021,3,F10,8,Bet nan,0.818661972
2021,3,F10,1,Dead Bet,0.228640193
2021,3,F10,2,Dead Bet,0.209059233
2021,3,F10,3,Dead Bet,0.056116723
2021,3,F10,4,Dead Bet,0.056116723
2021,3,F10,5,Dead Bet,0.136986301
2021,3,F10,6,Dead Bet,0.071138211
2021,3,F10,7,Dead Bet,0.067243036
2021,3,F10,8,Dead Bet,0.052816901
2021,3,F10,1,Sal pul,0
2021,3,F10,2,Sal pul,0
2021,3,F10,3,Sal pul,0
2021,3,F10,4,Sal pul,0
2021,3,F10,5,Sal pul,0
2021,3,F10,6,Sal pul,0
2021,3,F10,7,Sal pul,0
2021,3,F10,8,Sal pul,0
2021,3,F10,1,Sal ret,0
2021,3,F10,2,Sal ret,0
2021,3,F10,3,Sal ret,0
2021,3,F10,4,Sal ret,0
2021,3,F10,5,Sal ret,0
2021,3,F10,6,Sal ret,0
2021,3,F10,7,Sal ret,0
2021,3,F10,8,Sal ret,0
2021,3,F10,1,Arc alp,0
2021,3,F10,2,Arc alp,0
2021,3,F10,3,Arc alp,0
2021,3,F10,4,Arc alp,0
2021,3,F10,5,Arc alp,0
2021,3,F10,6,Arc alp,0
2021,3,F10,7,Arc alp,0
2021,3,F10,8,Arc alp,0
2021,3,F10,1,Vac uli,0
2021,3,F10,2,Vac uli,0
2021,3,F10,3,Vac uli,0
2021,3,F10,4,Vac uli,0
2021,3,F10,5,Vac uli,0
2021,3,F10,6,Vac uli,0
2021,3,F10,7,Vac uli,0
2021,3,F10,8,Vac uli,0
2021,3,F10,1,Rub cha,0
2021,3,F10,2,Rub cha,0
2021,3,F10,3,Rub cha,0
2021,3,F10,4,Rub cha,0
2021,3,F10,5,Rub cha,0
2021,3,F10,6,Rub cha,0
2021,3,F10,7,Rub cha,0
2021,3,F10,8,Rub cha,0
2021,3,F10,1,Pet fri,0.108303249
2021,3,F10,2,Pet fri,0.034843206
2021,3,F10,3,Pet fri,0.12345679
2021,3,F10,4,Pet fri,0.112233446
2021,3,F10,5,Pet fri,0
2021,3,F10,6,Pet fri,0
2021,3,F10,7,Pet fri,0
2021,3,F10,8,Pet fri,0
2021,3,F10,1,Pol bis,0
2021,3,F10,2,Pol bis,0
2021,3,F10,3,Pol bis,0.001122334
2021,3,F10,4,Pol bis,0
2021,3,F10,5,Pol bis,0
2021,3,F10,6,Pol bis,0.00101626
2021,3,F10,7,Pol bis,0
2021,3,F10,8,Pol bis,0.000880282
2021,3,F10,1,Led pal,0.001203369
2021,3,F10,2,Led pal,0.023228804
2021,3,F10,3,Led pal,0
2021,3,F10,4,Led pal,0.011223345
2021,3,F10,5,Led pal,0.009784736
2021,3,F10,6,Led pal,0.020325203
2021,3,F10,7,Led pal,0.019212296
2021,3,F10,8,Led pal,0.026408451
2021,3,F10,1,Cas tet,0
2021,3,F10,2,Cas tet,0
2021,3,F10,3,Cas tet,0
2021,3,F10,4,Cas tet,0
2021,3,F10,5,Cas tet,0
2021,3,F10,6,Cas tet,0
2021,3,F10,7,Cas tet,0
2021,3,F10,8,Cas tet,0
2021,3,F10,1,Vac vit,0
2021,3,F10,2,Vac vit,0
2021,3,F10,3,Vac vit,0
2021,3,F10,4,Vac vit,0.001122334
2021,3,F10,5,Vac vit,0.000978474
2021,3,F10,6,Vac vit,0.00101626
2021,3,F10,7,Vac vit,0.000960615
2021,3,F10,8,Vac vit,0.000880282
2021,3,F10,1,Emp nig,0.024067389
2021,3,F10,2,Emp nig,0
2021,3,F10,3,Emp nig,0
2021,3,F10,4,Emp nig,0
2021,3,F10,5,Emp nig,0.000978474
2021,3,F10,6,Emp nig,0
2021,3,F10,7,Emp nig,0
2021,3,F10,8,Emp nig,0.000880282
2021,3,F10,1,Ped lap,0
2021,3,F10,2,Ped lap,0
2021,3,F10,3,Ped lap,0
2021,3,F10,4,Ped lap,0
2021,3,F10,5,Ped lap,0
2021,3,F10,6,Ped lap,0
2021,3,F10,7,Ped lap,0
2021,3,F10,8,Ped lap,0
2021,3,F10,1,And pol,0
2021,3,F10,2,And pol,0
2021,3,F10,3,And pol,0
2021,3,F10,4,And pol,0
2021,3,F10,5,And pol,0
2021,3,F10,6,And pol,0
2021,3,F10,7,And pol,0
2021,3,F10,8,And pol,0
2021,3,F10,1,Dead Evrg,0
2021,3,F10,2,Dead Evrg,0.00116144
2021,3,F10,3,Dead Evrg,0
2021,3,F10,4,Dead Evrg,0
2021,3,F10,5,Dead Evrg,0.009784736
2021,3,F10,6,Dead Evrg,0.00101626
2021,3,F10,7,Dead Evrg,0
2021,3,F10,8,Dead Evrg,0
2021,3,F10,1,Moss,0.012033694
2021,3,F10,2,Moss,0
2021,3,F10,3,Moss,0
2021,3,F10,4,Moss,0
2021,3,F10,5,Moss,0
2021,3,F10,6,Moss,0
2021,3,F10,7,Moss,0
2021,3,F10,8,Moss,0.000880282
2021,3,F10,1,Lichen ,0
2021,3,F10,2,Lichen ,0
2021,3,F10,3,Lichen,0
2021,3,F10,4,Lichen,0
2021,3,F10,5,Lichen,0.029354207
2021,3,F10,6,Lichen,0
2021,3,F10,7,Lichen,0
2021,3,F10,8,Lichen,0.000880282
2021,3,F10,1,Litter,0.120336943
2021,3,F10,2,Litter,0.290360046
2021,3,F10,3,Litter,0.101010101
2021,3,F10,4,Litter,0.101010101
2021,3,F10,5,Litter,0.058708415
2021,3,F10,6,Litter,0.040650407
2021,3,F10,7,Litter,0.096061479
2021,3,F10,8,Litter,0.070422535
2021,3,F10,1,Fr boil,0
2021,3,F10,2,Fr boil,0
2021,3,F10,3,Fr boil,0
2021,3,F10,4,Fr boil,0
2021,3,F10,5,Fr boil,0
2021,3,F10,6,Fr boil,0
2021,3,F10,7,Fr boil,0
2021,3,F10,8,Fr boil,0
2021,3,F10,1,bare ,0.012033694
2021,3,F10,2,bare ,0
2021,3,F10,3,bare ,0
2021,3,F10,4,bare ,0.011223345
2021,3,F10,5,bare ,0.009784736
2021,3,F10,6,bare ,0.010162602
2021,3,F10,7,bare ,0.009606148
2021,3,F10,8,bare ,0.008802817
